id,parent,tipo,sku,nombre,old_stock,new_stock,new_status,old_status,manage,aplicado
13391,0,simple,810014679570,YOHIMBINE120 CAPSULAS,82,82,instock,instock,True,no_omitido
20477,20464,variation,842595111095,C4 PERFORMANCE ENERGY 16OZ MIDNIGTH CHERRY,66,66,instock,instock,True,no_omitido
19411,19402,variation,810121053553,EVP XTREME N.O. STRAWERRY LEMONADE-EVOGEN,4,4,outofstock,instock,True,si
18978,18977,variation,850044753833,PROTEINA DE 4.8 LB COOKIE & CREAM PRIMEVAL LABS,67,67,instock,instock,True,no_omitido
18939,18933,variation,7503013595868,WHEY PRO DUT CHOCOLATE 2 LBS,6,6,outofstock,instock,True,si
19309,19304,variation,810121053980,EVP 3D POLAR CHRRY FROST- EVOGEN,10,10,instock,instock,True,no_omitido
19854,19843,variation,748927026672,AMINO ENERGY WATERMELON 270 G,150,150,instock,instock,True,no_omitido
18929,18927,variation,7503029522926,LEAN GAINER 8 LBS DUTCH CHOCOLATE,0,0,outofstock,outofstock,True,si
19085,19081,variation,748927060607,AMINO ENERGY RTD SPARLING AE JUCY STRAWERRY OPTIMUN NUTRICION,174,154,instock,instock,True,si
19793,19790,variation,859400007580,ISOFIT CHOCOLATE SHAKE 70 SERV 5 LBS NUTREX,2,2,outofstock,instock,True,si
19317,19304,variation,817189027762,EVP 3D SOUR CANDY- EVOGEN,11,11,instock,instock,True,no_omitido
18863,18861,variation,713101732137,ULTRA VEGANA STRAWERRY ICE CREAM 3 LBS IMPULSE,14,14,instock,instock,True,no_omitido
13382,0,simple,810139574149,NAC DE 600 MG 30 CAPSULAS,27,27,instock,instock,True,no_omitido
19047,19043,variation,850016779359,BROWNIE +COLLAGEN BIRTHDAY CAKE BLONDIE,110,110,instock,instock,True,no_omitido
14414,0,simple,612590415883,COLAGENO-HIDROLIZADO + VITAMINA C + ÃCIDO HIALURONICO â SABOR NARANJA â 30 SERV â LANDERFIT,110,110,instock,instock,True,no_omitido
19227,19225,variation,705016353231,ISO 100 FUDGE BROWNIE 3 LIBRAS DYMATIZE,10,10,instock,instock,True,no_omitido
19032,19029,variation,850039445798,CBUM PROTEINA 2 LBS ITOLATE BIRTHAY CAKE,16,16,instock,instock,True,no_omitido
8556,0,simple,631656603118,TETOSTERONA BUSTER SIX STAR MUSCLETECH,14,14,instock,instock,True,no_omitido
18919,18917,variation,842595106084,C4 ORIGINAL ICE BLUE RAZZ 60 SERV (PRE-WORK) CELLUCOR,1,1,outofstock,instock,True,si
19316,19304,variation,817189025386,EVP 3D SOUR WATERMELON- EVOGEN,6,6,outofstock,instock,True,si
19408,19402,variation,810121053966,EVP XTREME PEACH RINGS,3,3,outofstock,instock,True,si
19087,19081,variation,748927060614,AMINO ENERGY SPARLING AE WATHERMELO OPTIMUN NUTRICION,534,502,instock,instock,True,si
19308,19304,variation,810121057971,EVP 3D CITRUS CANDY- EVOGEN,10,10,instock,instock,True,no_omitido
19281,19277,variation,810121055298,HIDRATACION LEMON LIME,17,17,instock,instock,True,no_omitido
19228,19225,variation,705016353415,ISO 100 FRUTY PEBBLES 3 LBS DYMATIZE,15,15,instock,instock,True,no_omitido
18873,18869,variation,745560722030,L- CARNITINA 3500 PIÃA COLADA IMPULSE,2,2,outofstock,instock,True,si
18912,18910,variation,181030000144,XTEND ORIGINAL 90 SERV. SMASH APPLE,16,16,instock,instock,True,no_omitido
13380,0,simple,810014679426,MULTIVITAMINAS 120 CAPSULAS,3,3,outofstock,instock,True,si
19318,19304,variation,817189024600,EVP-3D TROPIC THUNDER-EVOGEN,7,7,instock,instock,True,no_omitido
18856,18854,variation,713101732038,PROLIVE BIO6 COFFEE LOVERS DE 6 LB IMPULSE,57,57,instock,instock,True,no_omitido
11192,0,simple,829263000240,BCCA SUPER 8 MARACUYA 30 SERV - MUSCLEOLOGY,2,2,outofstock,instock,True,si
8554,0,simple,891597002542,PROTEINA 4 LBS CHOCOLATE CARNIVOR (MUSCLE MEDS),60,60,instock,instock,True,no_omitido
108,0,simple,745560722015,"CREATINE SUPER ATP, 80 SERVS). 400G (UNFLAVORED) (CREATINA)",37,37,instock,instock,True,no_omitido
13379,0,simple,810139573739,MILK THISTLE 120 CASULAS,3,3,outofstock,instock,True,si
20474,20464,variation,842595106596,C4 PERFORMANCE ENERGY 16OZ FROZEN BOMBSICLE,40,40,instock,instock,True,no_omitido
20449,20442,variation,842595135558,C4 PERFORMANCE 16OZ TROPICAL TUNDRA FROST,74,61,instock,instock,True,si
19432,19430,variation,810121058015,CELL K.E.M PEACH RING,6,6,outofstock,instock,True,si
13377,0,simple,810139574170,MAGNESIUM CITRATE 60 CAPSULAS,73,73,instock,instock,True,no_omitido
19313,19304,variation,817189029100,EVP 3D SMASHIN PASSION ORANGE-EVOGEN,9,9,instock,instock,True,no_omitido
14430,0,simple,812590416028,MELATONINA 5 MG 120 CAPSULAS- LANDERFIT,21,21,instock,instock,True,no_omitido
11229,0,simple,850030689276,MULTI MINERAL REVIVE,30,30,instock,instock,True,no_omitido
20468,20464,variation,842595131628,C4 PERFORMANCE 16OZ CREAMISCLE,67,67,instock,instock,True,no_omitido
19034,19029,variation,850049150392,CBUM ITOLATE PROTEIN 2 LBS STRAWERRY BUN CAKE,4,4,outofstock,instock,True,si
18855,18854,variation,713101732045,PROLIVE BIO6 CRISPY TOFFEE 6 LBS IMPULSE,44,43,instock,instock,True,si
11165,0,simple,829263000189,COLLAGENO ENERGIZADO PEPTIDES AMPD BERRY - MUSCLEOLOGY,3,3,outofstock,instock,True,si
19959,9171,variation,799142775005,AMINO REVOLUTION + ELECTROLITROS COCONUT 30 SERVI-LANDERFIT,3,3,outofstock,instock,True,si
19314,19304,variation,810121050798,EVP 3D ICED MOCHA COFFE-EVOGEN,8,8,instock,instock,True,no_omitido
18192,18186,variation,745560722152,PROLIVE BIO5 DE CHOCOLATE 5 LBS IMPULSE,336,336,instock,instock,True,no_omitido
19877,19871,variation,748927022940,AMINO ENERGY CONCOR GRAPE 585G,102,102,instock,instock,True,no_omitido
14440,0,simple,612590416200,ULTRA GLUTAMINA 60 SERVING- LANDERFIT,6,6,outofstock,instock,True,si
13388,0,simple,810139572350,VITAMINA B COMPLEX 120 CAPSULAS,9,9,instock,instock,True,no_omitido
19416,19402,variation,810121058695,EVP XTREME PATRIOT POP,3,3,outofstock,instock,True,si
19072,19071,variation,748927066593,PROTEIN SHAKE CHOCOLATE 325 ML OPTIMUN NUTRICION,124,125,instock,instock,True,si
19292,19289,variation,817189020190,GLYCOJET UN FLAVORED,9,9,instock,instock,True,no_omitido
19062,19061,variation,65007665240,VMS-PROTEIN ISOLATE -HIDROLIZED BIO-ACTIVE VAINILLA 5 LBS,36,36,instock,instock,True,no_omitido
14429,0,simple,612590416033,MELATONINA 10 MG 120 CAPSULAS- LANDERFIT,22,22,instock,instock,True,no_omitido
19405,19402,variation,810121057254,EVP XTREME N.O CITRUS CANDY-EVOGEN,4,4,outofstock,instock,True,si
19236,19235,variation,817189028998,ISOJECT COOKIE AND CREAM 4 LBS EVOGEN,3,3,outofstock,instock,True,si
20472,20464,variation,842595121759,C4 PERFORMANCE ENERGY 16OZ STRAWBERRY BLAST,88,87,instock,instock,True,si
19956,9171,variation,612590416002,AMINO REVOLUTION LANDERFIT RASPBERRY LEMONADE + ELECTROLITROS,1,1,outofstock,instock,True,si
11247,0,simple,850030689467,NAC REVIVE,17,17,instock,instock,True,no_omitido
18875,18869,variation,703556204730,L CARNITINA 3500 RED & GREEN IMPULSE,8,8,instock,instock,True,no_omitido
18870,18869,variation,703556204751,L-CARNITINA 3500 WATERMELON IMPULSE,12,12,instock,instock,True,no_omitido
20470,20464,variation,842595131253,C4 PERFORMANCE 16OZ CHERRY,106,93,instock,instock,True,si
19801,19800,variation,850026029079,WHEY 100 % CHOCOLATE 2 LBS 26 SERVING NUTREX,22,22,instock,instock,True,no_omitido
19754,19744,variation,817189029087,ISOJECT CINAMON CRUNCH 1.77 EVOGEN,2,2,outofstock,instock,True,si
19057,19055,variation,860008634467,PROTEIN COOKIE PEANUT BUTTER,74,74,instock,instock,True,no_omitido
19404,19402,variation,810121058961,EVP XTREME BLACK BERRY LEMONADA,12,12,instock,instock,True,no_omitido
13381,0,simple,810014675367,NAC 120 CAPSULAS,60,60,instock,instock,True,no_omitido
19852,19843,variation,748927054002,AMINO ENERGY BLUEBERRY MOJITO 270 G,26,26,instock,instock,True,no_omitido
13373,0,simple,810014671659,COQ10 60 CAPSULAS,2,2,outofstock,instock,True,si
11862,0,simple,850049150613,BETA ALANINE 60 SERVING RAW,11,11,instock,instock,True,no_omitido
11831,0,simple,666222007984,ACTIVE TIME RELEASED SPORT (MHP),11,11,instock,instock,True,no_omitido
9215,0,simple,799142775432,DIURETICO 40 CAPSULAS LANDERFIT,15,15,instock,instock,True,no_omitido
18858,18854,variation,713101732007,PROLIVE BIO5 SUNDEY CARAMEL DE 6 LB IMPULSE,63,63,instock,instock,True,no_omitido
19756,19744,variation,810121056455,ISOJECT MINI CRISPY COOKIES 1.87 LBS EVOGEN,5,5,outofstock,instock,True,si
18906,18903,variation,810390028313,ALPHA AMINO 30 SERV. ICY BLUE RAZZ CELLUCOR,16,16,instock,instock,True,no_omitido
14415,0,simple,703556204785,CORESHIELD -XR MULTIVITAMINAS,62,61,instock,instock,True,si
20467,20464,variation,842595131291,C4 PERFORMANCE 16OZ HAWAIIAN PINEAPLE,3271,3271,instock,instock,True,no_omitido
13375,0,simple,713325974009,DHEA 180 CAPSULAS,11,11,instock,instock,True,no_omitido
21119,21118,variation,608631655288,AMINO ESENCIAL 52 SERVIN 20 GRAMOS PINK LEMONADE IMPULSE,3,3,outofstock,instock,True,si
19306,19304,variation,810121058954,EVP 3D BLACK LEMONADE-EVOGEN,9,9,instock,instock,True,no_omitido
12945,0,simple,745560721971,RAPTOR X5 FRUIT PUNCH IMPULSE,3,3,outofstock,instock,True,si
19850,19843,variation,748927063646,AMINO ENERGY WILD BERRY 270 G,1,1,outofstock,instock,True,si
19279,19277,variation,810121057001,HIDRATACION WATERMELON,11,11,instock,instock,True,no_omitido
13154,0,simple,7500634000528,CREATINAMONOHIDRATADA 72 SERVING,59,59,instock,instock,True,no_omitido
13384,0,simple,810014679488,RESVERATROL 700 MG 120 CAPSULA,17,17,instock,instock,True,no_omitido
19818,19817,variation,748927028614,GOLD STANDARD WEY DOBLE RICH CHOCOLATE 2 LB,44,44,instock,instock,True,no_omitido
20409,11808,variation,891597006113,RTD CARNIVOR 500ML VAINILLA (MUSCLE MEDS),847,833,instock,instock,True,si
93,0,simple,745560722206,THERMOBLAST M5 (FAT BURNER) 120 CAPS (QUEMADOR HOMBRE) IMPULSE,3,3,outofstock,instock,True,si
11255,0,simple,850030689450,VITAMIN D3 REVIVE,101,101,instock,instock,True,no_omitido
18193,18186,variation,745560722169,PROLIVE BIO5 CHOCO COCO DE 5 LBS IMPULSE,1,1,outofstock,instock,True,si
20408,11808,variation,891597006427,RTD CARNIVOR SALTED CARAMEL 500ML (MUSCLE MEDS),824,801,instock,instock,True,si
18874,18869,variation,745560722183,L CARNITINA 3500 FRUIT PONCHS IMPULSE,4,4,outofstock,instock,True,si
19262,19253,variation,817189024532,AMINO K.E.M SOUR WATERMELON- EVOGEN,8,8,instock,instock,True,no_omitido
18190,18186,variation,745560722145,PROLIVE BIO5 STRAWBERRY ICE CREAN 5 LBS IMPULSE,318,318,instock,instock,True,no_omitido
14431,0,simple,612590415777,MULTI PAHSE MULTIVITAMIN 90 CAPSULAS- LANDERFIT,26,26,instock,instock,True,no_omitido
19315,19304,variation,817189028257,EVP 3D BLUEBERRY APPLE-EVOGEN,9,9,instock,instock,True,no_omitido
18928,18927,variation,7500634002065,LEAN GAINER 8 LIBRAS VAINILLA,2,2,outofstock,instock,True,si
19259,19253,variation,817189028523,AMINO K.E.M SOUR CANDY- EVOGEN,8,8,instock,instock,True,no_omitido
13372,0,simple,810014673165,CHROMIO PICOLINATE 10000 MG 240 CAPSULAS,4,4,outofstock,instock,True,si
20448,20442,variation,842595135534,C4 PERFORMANCE 16OZ FROST BITTEN CITRUS,73,62,instock,instock,True,si
19875,19871,variation,748927051308,AMINO ENERGY WATERMELON 585G,98,98,instock,instock,True,no_omitido
19356,19354,variation,810121051306,CARNIGEN REMIUN LIQUID SOUR GUMMIES-EVOGEN,36,36,instock,instock,True,no_omitido
19009,19008,variation,612590416668,PREMIUN WHEY VAINILLA 26 SERVING- LANDERFIT,16,14,instock,instock,True,si
20476,20464,variation,842595133608,C4 PERFORMANCE ENERGY 16OZ HAWAIIAN PUNCH TROPIC JUICE,70,58,instock,instock,True,si
19874,19871,variation,748927023374,AMINO ENERGY FRUIT FUSION 585G,112,112,instock,instock,True,no_omitido
9546,0,simple,850046504723,"TRIBULUS 1400, 90 CAPSULAS NUTREX",2,2,outofstock,instock,True,si
268,0,simple,853237000745,CREATINA MONOHIDRATADA DRIVE 300G NUTREX,1985,1969,instock,instock,True,si
19089,19081,variation,748927063486,AMINO ENERGY SPARLING AE PEACH BELLINI OPTIMUN NUTRICION,679,679,instock,instock,True,no_omitido
20385,19183,variation,705016353217,ISO 100 VAINILLA 5 LBS DYMATIZE,115,115,instock,instock,True,no_omitido
19084,19081,variation,748927062731,AMINO ENERGY RTD SPARLING AE JUCY CHERRY OPTIMUN NUTRICION,461,458,instock,instock,True,si
11149,0,simple,829263210137,CATEGORY 5 - CREATINA POWDER STIM FREE PREWORKOUT - MUSCLEOLOGY,34,34,instock,instock,True,no_omitido
20475,20464,variation,842595131277,C4 PERFORMANCE 16OZ POPSICLE GRAPE,256,245,instock,instock,True,si
11858,0,simple,810121055113,VITAMIN D3 EVOGEN,40,40,instock,instock,True,no_omitido
19312,19304,variation,817189024617,EVP 3D PEACH RINGS-EVOGEN,5,5,outofstock,instock,True,si
19001,19000,variation,860007448911,RAW-SLEEP-STRAWBERRY-KIWI (SOPORTE PARA UN MEJOR SUEÃO REPARADOR),15,15,instock,instock,True,no_omitido
20431,20430,variation,842595106619,C4 PERFORMANCE ENERGY 16OZ ARCTIC SNOW CONE,63,62,instock,instock,True,si
19186,19183,variation,705016353170,ISO 100 STRAWERRY 5 LBS DYMATIZE,0,0,outofstock,outofstock,True,si
10709,0,simple,860007448966,RAW TEST,0,0,outofstock,outofstock,True,si
19280,19277,variation,810121057018,HIDRATACION TANGERINE 30M SERVING,15,15,instock,instock,True,no_omitido
8555,0,simple,666222941004,XPEL CAPS (MHP),81,81,instock,instock,True,no_omitido
19414,19402,variation,817189024587,EVPXTREME SOUR WATERMELON,5,5,outofstock,instock,True,si
18865,18861,variation,713101732144,VEGANA ULTRA DE COCO 3 LBS IMPULSE,5,5,outofstock,instock,True,si
19311,19304,variation,810121053560,EVP 3D STRAWBERRY LEMONADE-EVOGEN,8,8,instock,instock,True,no_omitido
19855,19843,variation,748927051704,AMINO ENERGY GREEN APPLE 270 G,29,28,instock,instock,True,si
19045,19043,variation,850016779366,BROWNIE + COLLAGEN RED VELVET,79,79,instock,instock,True,no_omitido
11830,0,simple,748927023848,CREATINA ON POWDER MICRONISADA,389,389,instock,instock,True,no_omitido
19747,19744,variation,810121056899,ISOJECT BIRTHDAY CAKE 1.71 LBS ISOJET EVOGEN,6,6,outofstock,instock,True,si
18892,18887,variation,703556204938,CREATINA STIM PRO 52 SERV. ORANGE IMPULSE,19,19,instock,instock,True,no_omitido
19046,19043,variation,860008412199,BROWNIE LEMON ZEST,88,88,instock,instock,True,no_omitido
19074,19071,variation,748927066586,PROTEIN SHAKER VAINILLA 325 ML OPTIMUN NUTRICION,508,496,instock,instock,True,si
19073,19071,variation,748927069815,PROTEIN SHAKE STRAWBERRY 325ML OPTIMUN NUTRICION,112,99,instock,instock,True,si
9208,0,simple,612590416071,TRIBULUS TERRESTRIS STI 90-CAPSULAS- LANDERFIT,25,25,instock,instock,True,no_omitido
9200,0,simple,612590416019,"OMEGA 3, ACEITE DE PESCADO LANDERFIT",118,118,instock,instock,True,no_omitido
19856,19843,variation,748927026665,AMINO ENERGY FRUIT FUSION 270 G,139,139,instock,instock,True,no_omitido
11248,0,simple,850030689016,ASHWAGANDHA KSM-66 REVIVE,26,26,instock,instock,True,no_omitido
19782,19778,variation,859400007559,ISOFIT VAINILLA ICE CREAM 2 LBS. NUTREX,20,18,instock,instock,True,si
19803,19800,variation,850060362675,WHEY 100% COOKIES AND CREAN 2LBS NUTREX,28,27,instock,instock,True,si
18953,18946,variation,829263000028,NITRO UP BLEND 5 LBS - COOKIES & CREAM - MUSCLEOLOGY,7,7,instock,instock,True,no_omitido
18913,18910,variation,181030000168,XTEND ORIGINAL 90 SERV. BLUE RASBERRY ICE,8,8,instock,instock,True,no_omitido
11803,0,simple,713101732076,PROTEINA VEGANA DE 4 LBS PANCAKE IMPULSE,11,11,instock,instock,True,no_omitido
19366,19364,variation,810121055328,EVP-AQ TROPIC THUNDER- EVOGEN,4,3,outofstock,instock,True,si
18891,18887,variation,608631655431,CREATINA STIM PRO WATERMELON IMPULSE,42,42,instock,instock,True,no_omitido
20407,11808,variation,891597006137,RTD CARNIVOR 500ML FRUIT CEREAL (MUSCLE MEDS),780,756,instock,instock,True,si
13114,0,simple,850026029925,CREATINA MONOHIDRATE 200 SERVING NUTREX,396,396,instock,instock,True,no_omitido
19291,19289,variation,817189020176,GLYCOJET WATERMELON,8,8,instock,instock,True,no_omitido
18979,18977,variation,850044753857,PROTEINA DE 4.8 LB VAINILLA PRIMEVAL LABS,74,70,instock,instock,True,si
19088,19081,variation,748927068269,AMINO ENERGY SPARLING AE BERRY BURST OPTIMUN NUTRICION,509,509,instock,instock,True,no_omitido
19310,19304,variation,810121053997,EVP 3D VICTORY PUNCH- EVOGEN,5,5,outofstock,instock,True,si
19857,19843,variation,748927026658,AMINO ENERGY CONCOR GRAPE 270 G,14,14,instock,instock,True,no_omitido
19294,19289,variation,817189020206,GLYCOJECT DE 2LB WILD BERRY EVOGEN,8,8,instock,instock,True,no_omitido
18957,18955,variation,631656716962,MASS TECH EXTREME 2000-6 LBS TRIPLE CHOCOLATE BROWNIE,34,34,instock,instock,True,no_omitido
18189,18186,variation,703556204846,PROLIVE BIO5 CARAMEL PEANUT BUTTER DE 5 LBS IMPULSE,53,53,instock,instock,True,no_omitido
19258,19253,variation,810121055755,AMINO K.E.N CRAN BERRY POMEGRANATE- EVOGEN,3,3,outofstock,instock,True,si
11230,0,simple,850030689252,LIVER HEALTHY REVIVE,16,16,instock,instock,True,no_omitido
20432,20430,variation,842595121650,C4 PERFORMANCE 16OZ FRUIT PUNCH,54,54,instock,instock,True,no_omitido
20445,20442,variation,842595131741,C4 PERFORMANCE 16OZ ATOMIC GRAPE,58,58,instock,instock,True,no_omitido
20447,20442,variation,842595131727,C4 PERFORMANCE 16OZ ELECTRIC SOUR APPLE,59,62,instock,instock,True,si
19044,19043,variation,850016779373,BROWNIE CHOCOLATE FUDGE,274,274,instock,instock,True,no_omitido
19415,19402,variation,817189025270,EVP XTREME N.O.TROPIC THUNDER- EVOGEN,8,8,instock,instock,True,no_omitido
19749,19744,variation,810121056660,ISOJECT CHOCOLATE - 25 SRV EVOGEN,3,3,outofstock,instock,True,si
19011,19008,variation,612590415845,"PREMIUM WHEY STRAWBERRY 2,06 LBS-LANDERFIT",8,7,instock,instock,True,si
8690,0,simple,853237000202,NUTREX LIPO-6 CLA 45CT NUTREX,2,2,outofstock,instock,True,si
140,0,simple,811213027513,BPI MICRONIZED CREATINA 600G UNFLAVORED,111,111,instock,instock,True,no_omitido
14421,0,simple,612590415852,GLUCOSAMINA 120 CAPSULAS- LANDERFIT,42,42,instock,instock,True,no_omitido
19083,19081,variation,748927060621,AMINO ENERGY RTD SPANLING AE GRAPE OPTIMUN NUTRICION,335,335,instock,instock,True,no_omitido
11154,0,simple,829263227135,DTOX KIDNEY DETOXIFIER MUSCLEOLOGY,31,31,instock,instock,True,no_omitido
128,0,simple,703556204808,COLAGENO DR. JOINT PROFESSIONAL JOINT SUPPORT TUTTI FRUTTI 52 SERV. IMPULSE,64,64,instock,instock,True,no_omitido
18907,18903,variation,810390028320,ALPHA AMINO 30 SERV. FRUIT PUNCH CELLUCOR,8,8,instock,instock,True,no_omitido
19206,19205,variation,75016600694,ISO 100 DUNKIN GLAZED DONUT1.34 LBS DYMATIZE,2,2,outofstock,instock,True,si
19838,19835,variation,748927028706,GOLD STANDAR WHEY VAINILLA ICE CREAM 5 LBS,52,51,instock,instock,True,si
19355,19354,variation,810121055908,CARNIGEN PREMIUN LIQUID VICTORY PUNCH-EVOGEN,19,19,instock,instock,True,no_omitido
20466,20464,variation,842595106572,C4 PERFORMANCE ENERGY 16OZ STRAWBERY WATTERMELON ICE,78,79,instock,instock,True,si
19410,19402,variation,817189029117,EVP XTREME SMASHIN PASSION ORANGE,8,8,instock,instock,True,no_omitido
13383,0,simple,810014674001,R-ALPHA LIPOIC ACID 100 MG 120 CAPSULAS,12,12,instock,instock,True,no_omitido
8901,0,simple,850049150262,ESSENTIAL-BURNER (QUEMADOR DE GRASA),6,6,outofstock,instock,True,si
19780,19778,variation,853237000738,PROTEINA ISOFIT COOKIES &CREAM 30 SERV. NUTREX,19,19,instock,instock,True,no_omitido
19737,19734,variation,810121056158,LIPOCIDE-IR JUCY GRAPPE-EVOGEN,18,18,instock,instock,True,no_omitido
18952,18946,variation,829263000066,NITRO UP BLEND VAINILLA 5 LBS - MUSCLEOLOGY,8,8,instock,instock,True,no_omitido
20469,20464,variation,842595134957,C4 PERFORMANCE ENERGY 16OZ BLUE RASPBERRY JOLLY RANCHER,99,99,instock,instock,True,no_omitido
19848,19843,variation,748927069068,AMINO ENERGY TROPICAL SUNRISE 270 G,2,2,outofstock,instock,True,si
19064,19061,variation,650076635257,VMS-PROTEIN ISOLATE-HIDROLIZED BIO-ACTIVE DE FRESA 5LB,122,122,instock,instock,True,no_omitido
19033,19029,variation,860007286919,PROTEINA ISOLATADA DE 2 LBS CINNAMON CRUNCH CEREAL,6,6,outofstock,instock,True,si
14413,0,simple,799142775425,BODY RESTORE 60 CAPSULAS- LANDERFIT,30,30,instock,instock,True,no_omitido
19781,19778,variation,859400007337,PROTEINA ISOFIT CHOCOLATE SHAKE 30 SERV. NUTREX,8,8,instock,instock,True,no_omitido
19407,19402,variation,810121054000,EVP EXTREME N.O. VICTORY PUNCH-EVOGEN,6,6,outofstock,instock,True,si
19190,19183,variation,705016353439,ISO 100 FRUTY PEBLLES 5 LBS DYMATIZE,13,13,instock,instock,True,no_omitido
9151,0,simple,612590416644,"VEGAN-PROTEIN VAINILLA 2,04 LBS LANDERFIT",54,54,instock,instock,True,no_omitido
19002,19000,variation,860007448928,RAW-SLEEP-MIXED BERRY (SOPORTE PARA UN MEJOR SUEÃO REPARADOR),19,19,instock,instock,True,no_omitido
19853,19843,variation,748927025255,AMINO ENERGY ORANGE 270 G,23,23,instock,instock,True,no_omitido
13393,0,simple,811445020405,ZMA PRIMA FORCE ABOLIC MINERAL SUPORT 180 CAPSULAS,4,4,outofstock,instock,True,si
9152,0,simple,612590416606,PROTEINA WOMENS CHOCOLATE BROWNIE 2.04 LBS LANDERFIT,1,1,outofstock,instock,True,si
19237,19235,variation,817189028981,ISOJECT DE 4 LBS CHOCOLATE EVOGEN,1,1,outofstock,instock,True,si
19755,19744,variation,810121056714,ISOJECT CHURRO 1.71 LBS ISOJET EVOGEN,2,2,outofstock,instock,True,si
13387,0,simple,810014675435,VITAMINA B 12 DE 2000 MG 240 CAPSULAS,0,0,outofstock,outofstock,True,si
9723,0,simple,666222097404,SUPER FAT BURNER + (MHP),77,77,instock,instock,True,no_omitido
19188,19183,variation,705016353446,ISO 100 COCOA PEBBLES 5 LBS DYMATIZE,5,5,outofstock,instock,True,si
19357,19354,variation,810121051290,CARNIGEN PREMIUN LIQUID RAINBON CANDY-EVOGEN,28,28,instock,instock,True,no_omitido
19023,19004,variation,850057175356,CBUM-ITHOLATE-PROTEIN-VANILLA-OA TMEAL COOKIE - 5LB (ISOLATADA),3,3,outofstock,instock,True,si
20465,20464,variation,842595111071,C4 PERFORMANCE16OZ CHERRYLIMEADE,110,110,instock,instock,True,no_omitido
19828,19826,variation,748927060140,GOLD STANDAR WHEY DOBLE RICH 1.47 LBS 22 SERVING,5,5,outofstock,instock,True,si
18194,18186,variation,608631655486,PROLIVE BIO5 CAPUCHINO 5 LIBRAS IMPULSE,263,262,instock,instock,True,si
19792,19790,variation,853237000769,ISOFIT COOKIES AND CREAM 70SRV 5 LBS NUTREX,3,3,outofstock,instock,True,si
18893,18887,variation,608631655424,CREATINA STIM PRO52 SERV. FRUIT PUNCH IMPULSE,56,56,instock,instock,True,no_omitido
19409,19402,variation,810121053812,EVP XTREME N.O. POLAR CHERRY FROST-EVOGEN,8,8,instock,instock,True,no_omitido
19837,19835,variation,748927028669,GOLD STANDARD WEY DOUBLE RICH CHOCOLATE 5 LBS,404,404,instock,instock,True,no_omitido
14439,0,simple,799142775340,SAW PALMETO 500 MG 100 CAPSULAS-LANDERFIT,21,21,instock,instock,True,no_omitido
18961,18960,variation,631656259957,MAS TECH EXTREME 2000- VAINILLA MILK SHAKE 12 LIBRAS,2,2,outofstock,instock,True,si
19263,19253,variation,810121058978,AMINO K.E.M BLACK BERRY LEMONADE- EVOGEN,7,7,instock,instock,True,no_omitido
19802,19800,variation,850026029055,WHEY 100% VAINILLA 2 LBS NUTREX,30,28,instock,instock,True,si
19752,19744,variation,810121052105,ISOJECT FRUITYCREREAL 1.83 LBS ISOJET EVOGEN,9,9,instock,instock,True,no_omitido
19245,19242,variation,817189022743,EVOFUSION CHOCOLATE SHAKE 4.6 LBS EVOGEN,5,4,outofstock,instock,True,si
18934,18932,variation,7503013595776,WHEY PROTEIN 5 LBS DUTCH CHOCOLATE,14,14,instock,instock,True,no_omitido
19345,19342,variation,810121055274,EVP XTREME VICTORY PUNCH EVOGEN,3,3,outofstock,instock,True,si
13368,0,simple,810014671666,ALPHA LIPOIC ACID 600 MG 120 CAPSULAS,12,12,instock,instock,True,no_omitido
19758,19744,variation,810121056707,ISOJECT OATMEAL COOKIE 1.76 LBS ISOJET EVOGEN,3,3,outofstock,instock,True,si
19753,19744,variation,810121056462,ISOJECT COOKIES AND CREAM 1.82 ISOJET EVOGEN,2,2,outofstock,instock,True,si
20406,11808,variation,891597004034,RTD CARNIVOR 500ML CHOCOLATE (MUSCLE MEDS),794,779,instock,instock,True,si
19779,19778,variation,853237000837,ISOFIT 30 SERVING STRAWERRY NUTREX,14,14,instock,instock,True,no_omitido
19278,19277,variation,810121057261,HIDRATACION PEACH TEA,15,15,instock,instock,True,no_omitido
19876,19871,variation,748927055351,AMINO ENERGY GREEN APPLE 585G,3,3,outofstock,instock,True,si
19431,19430,variation,7503029523005,CELL K.E.M PR V.2 TROPIC THUNDER -EVOGEN,17,17,instock,instock,True,no_omitido
18871,18869,variation,745560722039,L- CARNITINA 3500 MANGO ALEGRE IMPULSE,13,13,instock,instock,True,no_omitido
19260,19253,variation,817189025393,AMINO K.E.M TROPIC TUNDER-EVOGEN,10,10,instock,instock,True,no_omitido
18187,18186,variation,745560722138,PROLIVE BIO5 VAINILLA DE 5 LB IMPULSE,243,243,instock,instock,True,no_omitido
19757,19744,variation,810121056721,ISOJECT ICE CREAM SANDWICH 1.82 LBS ISOJET EVOGEN,6,6,outofstock,instock,True,si
19244,19242,variation,810121053737,EVOFUSION COOKIES AND CREAM 4.6 LBS EVOGEN,0,0,outofstock,outofstock,True,si
18188,18186,variation,703556204822,PROLIVE BIO5 WHITE CHOCORAINBOW DE 5 LB IMPULSE,50,49,instock,instock,True,si
18942,18941,variation,7503018110578,LEAN GAINER 12 LIBRAS DUTCH CHOCOLATE,3,3,outofstock,instock,True,si
18908,18903,variation,810390028344,ALPHA AMINO 30 SERV. WATERMELON CELLUCOR,15,15,instock,instock,True,no_omitido
19024,19004,variation,850049150446,INT-CBUM-ITHOLATE-VANILLA-FL - 5LB (ISOLATADA),1,1,outofstock,instock,True,si
109,0,simple,745560722022,"GLUTA MAX GLUTAMINA MICRONISADA, 80 SERV. 400G (UNFLAVORED) IMPULSE",18,18,instock,instock,True,no_omitido
18911,18910,variation,812135021665,XTEND ORIGINAL 90 SERV. ITALIAN BLOOD ORANGE,14,14,instock,instock,True,no_omitido
19750,19744,variation,810121056417,ISOJECT CHOCOLATE PEANUTBUTTER BANANA 1.76 LBS ISOJET EVOGEN,5,5,outofstock,instock,True,si
19254,19253,variation,817189024549,AMINO K.E.M PATRIOT POP- EVOGEN,9,9,instock,instock,True,no_omitido
19965,19963,variation,612590416651,REDS & GREENS PINA 30 SERVING- LANDERFIT,19,19,instock,instock,True,no_omitido
19827,19826,variation,748927060133,GOLD STANDAR WHEY VAINILLA ICE CREAM 1.5 LBS 22 SERVING,7,7,instock,instock,True,no_omitido
19261,19253,variation,817189028264,AMINO K.E.M BLUEBERRY APPLE-EVOGEN,7,7,instock,instock,True,no_omitido
18191,18186,variation,745560722176,PROLIVE BIO5 COOKIS AND CREAM DE 5LB IMPULSE,93,92,instock,instock,True,si
19964,19963,variation,612590416675,REDS & GREENS GREEN APPLE 30 SERV- LANDERFIT,27,27,instock,instock,True,no_omitido
19010,19008,variation,612590415838,PREMIUN WHEY LANDERFIT CHOCOLATE 26 SERVING,47,46,instock,instock,True,si
19847,19843,variation,748927059144,AMINO ENERGY JUICY STRAWBERRY 270 G,0,0,outofstock,outofstock,True,si
19412,19402,variation,817189028240,EVP XTREME N.O. BLUEBERRY APPLE-EVOGEN,4,4,outofstock,instock,True,si
19849,19843,variation,748927062113,AMINO ENERGY BLUEBERRY LIMON 270 G,5,5,outofstock,instock,True,si
11861,0,simple,810121056486,BETA-ALANINE EVOGEN,20,20,instock,instock,True,no_omitido
18864,18861,variation,7113101732151,ULTRA VEGANA CARAMELO PEANUT BUTTER 3 LBS IMPULSE,14,14,instock,instock,True,no_omitido
19413,19402,variation,817189028530,EVP XTREMEN.O. SOUR CANDY-EVOGEN,3,2,outofstock,instock,True,si
9203,0,simple,799142775395,MUSCLE PUMP FRUIT PUNCH 30 SERV LANDERFIT,6,6,outofstock,instock,True,si
19735,19734,variation,810121056141,LIPOCIDE-IR TANGERINE-EVOGEN,18,18,instock,instock,True,no_omitido
19257,19253,variation,810121054857,AMINO K.E.M VICTORY PUNCHS- EVOGEN,4,4,outofstock,instock,True,si
9190,0,simple,612590416057,CLA -2000 120 CAPSULAS- LANDERFIT,22,22,instock,instock,True,no_omitido
19192,19183,variation,705016353187,PROTEINA ISO 100 GURMET CHOCOLATE 5 LBS DYMATIZE,4,4,outofstock,instock,True,si
13392,0,simple,810014671598,ZING CHELATE 120 CAPSULAS,2,2,outofstock,instock,True,si
19760,19744,variation,810121056738,ISOJECT TIRAMISU 1.76 LBS ISOJET EVOGEN,2,2,outofstock,instock,True,si
14422,0,simple,799142775449,HORMONAL BALANCE 90 CAPSULAS- LANDERFIT,55,55,instock,instock,True,no_omitido
19191,19183,variation,705016500420,ISO 100 BIRTHDAY CAKE 5 LBS DYMATIZE,16,16,instock,instock,True,no_omitido
19307,19304,variation,810121058701,EVP 3D PATRIOT POP- EVOGEN,10,10,instock,instock,True,no_omitido
19751,19744,variation,817189020237,ISOJECT CHOCOLATE PEANUT BUTTER 1.97 LBS EVOGEN,6,6,outofstock,instock,True,si
19819,19817,variation,748927028652,GOLD STANDAR WHEY VAINILLA ICE CREAN 1.98 LBS,26,26,instock,instock,True,no_omitido
19290,19289,variation,7503029523006,GLYCOJET CHERRY- EVOGEN,11,11,instock,instock,True,no_omitido
13390,0,simple,810139574361,VITAMINA- E 30 CAPSULAS,21,21,instock,instock,True,no_omitido
19872,19871,variation,748927022902,AMINO ENERGY ORANGE 585G,71,71,instock,instock,True,no_omitido
19873,19871,variation,748927023190,AMINO ENERGY BLUE RASPBERRY 585G,99,99,instock,instock,True,no_omitido
20471,20464,variation,842595121766,C4 PERFORMANCE COSMIC RAINBOW,78,78,instock,instock,True,no_omitido
18857,18854,variation,713101732014,PROLIVE BIO6 COCONUT 6 LBS IMPULSE,2,2,outofstock,instock,True,si
19123,19121,variation,850049150651,INT-WHEY-BLEND-COOKIES-CREAM-F L - 5LB (PROTEINA BLEND),4,4,outofstock,instock,True,si
19031,19029,variation,860007286902,CBUM PROTEINA ISOLATADA 2 LBS VAINILLA OATMEAL COOKIES,12,12,instock,instock,True,no_omitido
18958,18955,variation,631656716979,MASS TECH -EXTREME 2000- VAINILLA 2000 6 LBS MUSCLETECH,20,20,instock,instock,True,no_omitido
21120,21118,variation,608631655271,AMINO ESENCIAL 52 SERV. 520G BERRY ICE TEA IMPULSE,9,9,instock,instock,True,no_omitido
19406,19402,variation,810121057940,EVP XTREME N.O. JUCY GRAPPE-EVOGEN,4,4,outofstock,instock,True,si
11242,0,simple,850030689283,VITAMIN K2 & D3 REVIVE,11,10,instock,instock,True,si
19210,19205,variation,705016600366,ISO 100 BIRTHDAY CAKE PEBBLES 1.34 LBS DYMATIZE,3,3,outofstock,instock,True,si
21121,21118,variation,703556204907,AMINO ESENCIAL 52 SERVING PINA COLADA IMPULSE,7,7,instock,instock,True,no_omitido
19256,19253,variation,810121057988,AMINO K.E.M JUICY GRAPE-EVOGEN,5,5,outofstock,instock,True,si
19056,19055,variation,860008634443,PROTEIN COOKIE CHOCOLATE CHIP,42,42,instock,instock,True,no_omitido
11224,0,simple,850030689153,OPTIZINC REVIVE,19,19,instock,instock,True,no_omitido
19293,19289,variation,810121053232,GLYCOJECT DE 2LB STRAWBERRY LEMONADE EVOGEN,7,7,instock,instock,True,no_omitido
11236,0,simple,850030689214,MULTI VITAMIN REVIVE,9,9,instock,instock,True,no_omitido
20473,20464,variation,842595134971,C4 PERFORMANCE ENERGY 16OZ GREEN APPLE JOLLY RANCHER,97,84,instock,instock,True,si
9214,0,simple,612590416446,VITAMINA C- 1000MG -LANDFERFIT,8,8,instock,instock,True,no_omitido
20446,20442,variation,842595135541,C4 PERFORMANCE CHERRY BOMB FROST,61,59,instock,instock,True,si
20388,19205,variation,705016358205,ISO 100 VAINILLA 20 SERV. 1.34 LBS DYMATIZE,205,205,instock,instock,True,no_omitido
94,0,simple,745560722213,THERMOBLAST H2 (FAT BURNER) 120 CAPS (QUEMADOR MUJER) IMPULSE,6,6,outofstock,instock,True,si
18935,18932,variation,7503018110479,WHEY PROTEIN 5 LBS CHOCO COCO,16,16,instock,instock,True,no_omitido
19851,19843,variation,748927051698,AMINO ENERGY STRAWBERRY LIMON 270 G,32,32,instock,instock,True,no_omitido
20478,20464,variation,842595134964,C4 PERFORMANCE ENERGY 16OZ WATERMELON JOLLY RANCHER,85,97,instock,instock,True,si
19305,19304,variation,8101210579694,EVP 3D JUCY GRAPPE EVOGEN,8,8,instock,instock,True,no_omitido
19243,19242,variation,817189022750,EVOFUSION VANILLA BEAN ICE CREAM 4.6 LBS EVOGEN,3,3,outofstock,instock,True,si
19759,19744,variation,810121056684,ISOJECT VAINILLA COLD BREW COOFFE 1.76 LBSEVOGEN,3,3,outofstock,instock,True,si
19736,19734,variation,817189027793,LIPOCIDE- IR FRUIT PONCHS-EVOGEN,42,42,instock,instock,True,no_omitido
19255,19253,variation,810121057995,AMINO K.E.M CITRUS CANDY- EVOGEN,7,7,instock,instock,True,no_omitido
11853,0,simple,817189029032,CREATINA MICRONIZADA MONOHIDRATADA 60SERV. EVOGEN,92,90,instock,instock,True,si
19229,19225,variation,705016353422,ISO 100 COCOA PEBBLES 3 LBS DYMATIZE,11,11,instock,instock,True,no_omitido
19086,19081,variation,748927062748,AMINO ENERGY SPARLING AE MANGO PINIAPLE LIMONADE OPTIMUN NUTRICION,380,373,instock,instock,True,si
18195,18186,variation,703556204815,PROLIVE BIO5 BUTTER BLASTER DE 5 LBS IMPULSE,126,126,instock,instock,True,no_omitido
19063,19061,variation,650076635264,VMS-PROTEIN ISOLATE- HIDROLIZED BIO-ACTIVE- CHOCOLATE5 LBS,68,68,instock,instock,True,no_omitido
18862,18861,variation,713101732113,ULTRA VEGANA VAINILLA 3 LBS IMPULSE,30,30,instock,instock,True,no_omitido
