sku,nombre,tipo,wc_stock,wc_status,inv_stock,nuevo_status,diferencia,cambiara
748927028706,GOLD STANDAR WHEY VAINILLA ICE CREAM 5 LBS,variation,50,instock,50,instock,0,no
817189029100,EVP 3D SMASHIN PASSION ORANGE-EVOGEN,variation,9,instock,9,instock,0,no
850030689016,ASHWAGANDHA KSM-66 REVIVE,simple,21,instock,21,instock,0,no
7503018110479,WHEY PROTEIN 5 LBS CHOCO COCO,variation,16,instock,17,instock,1,SI
850039445798,CBUM PROTEINA 2 LBS  ITOLATE BIRTHAY CAKE,variation,16,instock,16,instock,0,no
817189020176,GLYCOJET WATERMELON,variation,8,instock,8,instock,0,no
748927066593,PROTEIN SHAKE CHOCOLATE 325 ML OPTIMUN NUTRICION,variation,125,instock,123,instock,-2,SI
650076635264,VMS-PROTEIN ISOLATE- HIDROLIZED BIO-ACTIVE- CHOCOLATE5 LBS,variation,68,instock,65,instock,-3,SI
850016779359,BROWNIE +COLLAGEN BIRTHDAY CAKE BLONDIE,variation,109,instock,109,instock,0,no
812590416028,MELATONINA 5 MG 120 CAPSULAS- LANDERFIT,simple,21,instock,20,instock,-1,SI
810121056660,ISOJECT CHOCOLATE - 25 SRV EVOGEN,variation,3,instock,1,outofstock,-2,SI
748927028652,GOLD STANDAR WHEY VAINILLA ICE CREAN 1.98 LBS,variation,26,instock,27,instock,1,SI
853237000738,PROTEINA ISOFIT COOKIES &CREAM 30 SERV. NUTREX,variation,19,instock,19,instock,0,no
612590415883,COLAGENO-HIDROLIZADO + VITAMINA C + ÁCIDO HIALURONICO – SABOR NARANJA – 30 SERV – LANDERFIT,simple,116,instock,116,instock,0,no
799142775395,MUSCLE PUMP FRUIT PUNCH 30 SERV LANDERFIT,simple,6,instock,4,outofstock,-2,SI
817189028981,ISOJECT DE 4 LBS CHOCOLATE EVOGEN,variation,1,instock,1,outofstock,0,SI
812135021665,XTEND ORIGINAL 90 SERV. ITALIAN BLOOD ORANGE,variation,14,instock,14,instock,0,no
612590415838,PREMIUN WHEY LANDERFIT CHOCOLATE 26 SERVING,variation,46,instock,43,instock,-3,SI
7503029522926,LEAN GAINER 8 LBS DUTCH CHOCOLATE,variation,0,outofstock,0,outofstock,0,no
842595135534,C4 PERFORMANCE 16OZ FROST BITTEN CITRUS,variation,62,instock,62,instock,0,no
817189028240,EVP XTREME N.O. BLUEBERRY APPLE-EVOGEN,variation,4,instock,3,outofstock,-1,SI
810121057254,EVP XTREME N.O CITRUS CANDY-EVOGEN,variation,4,instock,4,outofstock,0,SI
748927023374,AMINO ENERGY FRUIT FUSION 585G,variation,106,instock,106,instock,0,no
850049150651,INT-WHEY-BLEND-COOKIES-CREAM-F L - 5LB (PROTEINA BLEND),variation,4,instock,4,outofstock,0,SI
713101732113,ULTRA VEGANA VAINILLA 3 LBS IMPULSE,variation,30,instock,30,instock,0,no
810121052105,ISOJECT FRUITYCREREAL 1.83 LBS ISOJET EVOGEN,variation,15,instock,15,instock,0,no
748927062731,AMINO ENERGY RTD SPARLING AE JUCY CHERRY OPTIMUN NUTRICION,variation,466,instock,466,instock,0,no
748927025255,AMINO ENERGY ORANGE 270 G,variation,23,instock,23,instock,0,no
842595131727,C4 PERFORMANCE 16OZ ELECTRIC SOUR APPLE,variation,62,instock,62,instock,0,no
810121056462,ISOJECT COOKIES AND CREAM 1.82 ISOJET EVOGEN,variation,0,outofstock,0,outofstock,0,no
745560722183,L CARNITINA 3500 FRUIT PONCHS IMPULSE,variation,4,instock,4,outofstock,0,SI
748927063486,AMINO ENERGY SPARLING AE PEACH BELLINI OPTIMUN NUTRICION,variation,689,instock,689,instock,0,no
608631655486,PROLIVE BIO5 CAPUCHINO 5 LIBRAS IMPULSE,variation,262,instock,250,instock,-12,SI
666222007984,ACTIVE TIME RELEASED SPORT (MHP),simple,11,instock,11,instock,0,no
810014679488,RESVERATROL 700 MG 120 CAPSULA,simple,17,instock,17,instock,0,no
850030689252,LIVER HEALTHY REVIVE,simple,23,instock,23,instock,0,no
713101732038,PROLIVE BIO6 COFFEE LOVERS DE 6 LB IMPULSE,variation,55,instock,55,instock,0,no
810121054857,AMINO K.E.M VICTORY PUNCHS- EVOGEN,variation,3,instock,3,outofstock,0,SI
612590416057,CLA -2000 120 CAPSULAS- LANDERFIT,simple,22,instock,24,instock,2,SI
853237000837,ISOFIT 30 SERVING STRAWERRY NUTREX,variation,14,instock,14,instock,0,no
181030000168,XTEND ORIGINAL 90 SERV. BLUE RASBERRY ICE,variation,8,instock,8,instock,0,no
810121056684,ISOJECT VAINILLA COLD BREW COOFFE 1.76 LBSEVOGEN,variation,3,instock,1,outofstock,-2,SI
842595121766,C4 PERFORMANCE COSMIC RAINBOW,variation,78,instock,78,instock,0,no
713101732076,PROTEINA VEGANA DE 4 LBS PANCAKE IMPULSE,simple,11,instock,11,instock,0,no
748927051698,AMINO ENERGY STRAWBERRY LIMON 270 G,variation,32,instock,32,instock,0,no
817189028530,EVP XTREMEN.O. SOUR CANDY-EVOGEN,variation,2,instock,2,outofstock,0,SI
810121057971,EVP 3D CITRUS CANDY- EVOGEN,variation,10,instock,6,outofstock,-4,SI
713101732137,ULTRA VEGANA STRAWERRY ICE CREAM 3 LBS IMPULSE,variation,14,instock,14,instock,0,no
748927063646,AMINO ENERGY WILD BERRY 270 G,variation,1,instock,1,outofstock,0,SI
810139572350,VITAMINA B COMPLEX 120 CAPSULAS,simple,9,instock,9,instock,0,no
860007448911,RAW-SLEEP-STRAWBERRY-KIWI (SOPORTE PARA UN MEJOR SUEÑO REPARADOR),variation,15,instock,15,instock,0,no
810121053980,EVP 3D POLAR CHRRY FROST- EVOGEN,variation,10,instock,10,instock,0,no
703556204815,PROLIVE BIO5 BUTTER BLASTER DE 5 LBS IMPULSE,variation,122,instock,122,instock,0,no
859400007559,ISOFIT VAINILLA ICE CREAM 2 LBS. NUTREX,variation,14,instock,14,instock,0,no
860008412199,BROWNIE LEMON ZEST,variation,88,instock,88,instock,0,no
850060362675,WHEY 100% COOKIES AND CREAN 2LBS NUTREX,variation,27,instock,25,instock,-2,SI
811213027513,BPI MICRONIZED CREATINA 600G UNFLAVORED,simple,111,instock,109,instock,-2,SI
810014679570,YOHIMBINE120 CAPSULAS,simple,82,instock,82,instock,0,no
810121058978,AMINO K.E.M BLACK BERRY LEMONADE- EVOGEN,variation,7,instock,6,outofstock,-1,SI
748927051704,AMINO ENERGY GREEN APPLE 270 G,variation,28,instock,30,instock,2,SI
817189024587,EVPXTREME SOUR WATERMELON,variation,5,instock,3,outofstock,-2,SI
748927026658,AMINO ENERGY CONCOR GRAPE 270 G,variation,15,instock,15,instock,0,no
860008634443,PROTEIN COOKIE CHOCOLATE CHIP,variation,42,instock,42,instock,0,no
748927069068,AMINO ENERGY TROPICAL SUNRISE 270 G,variation,2,instock,2,outofstock,0,SI
810121054000,EVP EXTREME N.O. VICTORY PUNCH-EVOGEN,variation,3,instock,3,outofstock,0,SI
612590415852,GLUCOSAMINA 120 CAPSULAS- LANDERFIT,simple,39,instock,39,instock,0,no
748927066586,PROTEIN SHAKER VAINILLA 325 ML OPTIMUN NUTRICION,variation,492,instock,492,instock,0,no
612590416644,"VEGAN-PROTEIN VAINILLA 2,04 LBS LANDERFIT",simple,52,instock,52,instock,0,no
891597002542,PROTEINA 4 LBS CHOCOLATE CARNIVOR (MUSCLE MEDS),simple,60,instock,60,instock,0,no
860007448928,RAW-SLEEP-MIXED BERRY (SOPORTE PARA UN MEJOR SUEÑO REPARADOR),variation,19,instock,19,instock,0,no
850049150392,CBUM ITOLATE PROTEIN 2 LBS STRAWERRY BUN CAKE,variation,4,instock,4,outofstock,0,SI
705016353415,ISO 100 FRUTY PEBBLES 3 LBS DYMATIZE,variation,15,instock,15,instock,0,no
853237000745,CREATINA MONOHIDRATADA DRIVE 300G NUTREX,simple,1969,instock,1969,instock,0,no
850049150446,INT-CBUM-ITHOLATE-VANILLA-FL - 5LB (ISOLATADA),variation,1,instock,1,outofstock,0,SI
703556204846,PROLIVE BIO5 CARAMEL PEANUT BUTTER DE 5 LBS IMPULSE,variation,53,instock,49,instock,-4,SI
810121055274,EVP XTREME VICTORY PUNCH EVOGEN,variation,3,instock,1,outofstock,-2,SI
891597006137,RTD CARNIVOR 500ML FRUIT CEREAL (MUSCLE MEDS),variation,756,instock,756,instock,0,no
666222097404,SUPER FAT BURNER + (MHP),simple,81,instock,81,instock,0,no
7503018110578,LEAN GAINER 12 LIBRAS DUTCH CHOCOLATE,variation,3,instock,3,outofstock,0,SI
850030689153,OPTIZINC REVIVE,simple,19,instock,19,instock,0,no
612590416606,PROTEINA WOMENS CHOCOLATE BROWNIE 2.04 LBS LANDERFIT,simple,1,instock,1,outofstock,0,SI
745560722206,THERMOBLAST M5 (FAT BURNER) 120 CAPS (QUEMADOR HOMBRE) IMPULSE,simple,3,instock,3,outofstock,0,SI
7113101732151,ULTRA VEGANA CARAMELO PEANUT BUTTER 3 LBS IMPULSE,variation,14,instock,14,instock,0,no
850026029079,WHEY 100 % CHOCOLATE 2 LBS 26 SERVING NUTREX,variation,22,instock,22,instock,0,no
853237000769,ISOFIT COOKIES AND CREAM 70SRV 5 LBS NUTREX,variation,3,instock,3,outofstock,0,SI
810121055755,AMINO K.E.N CRAN BERRY POMEGRANATE- EVOGEN,variation,3,instock,3,outofstock,0,SI
748927069815,PROTEIN SHAKE STRAWBERRY 325ML OPTIMUN NUTRICION,variation,99,instock,99,instock,0,no
850049150613,BETA ALANINE 60 SERVING RAW,simple,9,instock,9,instock,0,no
703556204730,L CARNITINA 3500 RED & GREEN IMPULSE,variation,8,instock,7,instock,-1,SI
748927026672,AMINO ENERGY WATERMELON 270 G,variation,150,instock,150,instock,0,no
810121053997,EVP 3D VICTORY PUNCH- EVOGEN,variation,5,instock,5,outofstock,0,SI
7500634002065,LEAN GAINER 8 LIBRAS VAINILLA,variation,2,instock,2,outofstock,0,SI
829263000189,COLLAGENO ENERGIZADO PEPTIDES AMPD BERRY - MUSCLEOLOGY,simple,3,instock,3,outofstock,0,SI
703556204907,AMINO ESENCIAL 52 SERVING PINA COLADA IMPULSE,variation,7,instock,6,outofstock,-1,SI
810121053232,GLYCOJECT DE 2LB STRAWBERRY LEMONADE EVOGEN,variation,8,instock,8,instock,0,no
810121056899,ISOJECT BIRTHDAY CAKE 1.71 LBS ISOJET EVOGEN,variation,6,instock,6,outofstock,0,SI
745560722015,"CREATINE SUPER ATP, 80 SERVS). 400G (UNFLAVORED) (CREATINA)",simple,37,instock,36,instock,-1,SI
810121056158,LIPOCIDE-IR JUCY GRAPPE-EVOGEN,variation,18,instock,18,instock,0,no
810121055328,EVP-AQ TROPIC THUNDER- EVOGEN,variation,1,instock,1,outofstock,0,SI
817189028257,EVP 3D BLUEBERRY APPLE-EVOGEN,variation,9,instock,10,instock,1,SI
810121057988,AMINO K.E.M JUICY GRAPE-EVOGEN,variation,5,instock,4,outofstock,-1,SI
612590416446,VITAMINA C- 1000MG -LANDFERFIT,simple,8,instock,8,instock,0,no
713101732007,PROLIVE BIO5 SUNDEY CARAMEL DE 6 LB IMPULSE,variation,63,instock,63,instock,0,no
817189025270,EVP XTREME N.O.TROPIC THUNDER- EVOGEN,variation,8,instock,8,instock,0,no
705016353422,ISO 100 COCOA PEBBLES 3 LBS DYMATIZE,variation,11,instock,11,instock,0,no
842595134957,C4 PERFORMANCE ENERGY 16OZ BLUE RASPBERRY JOLLY RANCHER,variation,99,instock,99,instock,0,no
842595111095,C4 PERFORMANCE ENERGY 16OZ MIDNIGTH CHERRY,variation,66,instock,66,instock,0,no
748927022940,AMINO ENERGY CONCOR GRAPE 585G,variation,108,instock,108,instock,0,no
705016500420,ISO 100 BIRTHDAY CAKE 5 LBS DYMATIZE,variation,16,instock,20,instock,4,SI
631656259957,MAS TECH EXTREME 2000- VAINILLA MILK SHAKE 12 LIBRAS,variation,2,instock,2,outofstock,0,SI
608631655431,CREATINA STIM PRO WATERMELON IMPULSE,variation,42,instock,46,instock,4,SI
850026029925,CREATINA MONOHIDRATE 200 SERVING NUTREX,simple,396,instock,407,instock,11,SI
748927028614,GOLD STANDARD WEY DOBLE RICH CHOCOLATE 2 LB,variation,44,instock,45,instock,1,SI
75016600694,ISO 100 DUNKIN GLAZED DONUT1.34 LBS DYMATIZE,variation,2,instock,2,outofstock,0,SI
703556204938,CREATINA STIM PRO 52 SERV. ORANGE IMPULSE,variation,15,instock,15,instock,0,no
810139574361,VITAMINA- E 30 CAPSULAS,simple,21,instock,21,instock,0,no
850016779373,BROWNIE CHOCOLATE FUDGE,variation,274,instock,229,instock,-45,SI
850030689467,NAC REVIVE,simple,17,instock,20,instock,3,SI
817189024549,AMINO K.E.M PATRIOT POP- EVOGEN,variation,9,instock,9,instock,0,no
612590416033,MELATONINA 10 MG 120 CAPSULAS- LANDERFIT,simple,22,instock,22,instock,0,no
891597006113,RTD CARNIVOR 500ML VAINILLA (MUSCLE MEDS),variation,833,instock,833,instock,0,no
713101732045,PROLIVE BIO6 CRISPY TOFFEE 6 LBS IMPULSE,variation,42,instock,42,instock,0,no
853237000202,NUTREX LIPO-6 CLA 45CT NUTREX,simple,7,instock,7,instock,0,no
842595121650,C4 PERFORMANCE 16OZ FRUIT PUNCH,variation,54,instock,54,instock,0,no
810121056455,ISOJECT MINI CRISPY COOKIES 1.87 LBS EVOGEN,variation,5,instock,5,outofstock,0,SI
7503029523005,CELL K.E.M PR V.2 TROPIC THUNDER -EVOGEN,variation,15,instock,15,instock,0,no
817189028523,AMINO K.E.M SOUR CANDY- EVOGEN,variation,8,instock,7,instock,-1,SI
703556204785,CORESHIELD -XR MULTIVITAMINAS,simple,61,instock,61,instock,0,no
745560722039,L- CARNITINA 3500 MANGO ALEGRE IMPULSE,variation,13,instock,11,instock,-2,SI
705016358205,ISO 100 VAINILLA 20 SERV. 1.34 LBS DYMATIZE,variation,205,instock,204,instock,-1,SI
817189020206,GLYCOJECT DE 2LB WILD BERRY EVOGEN,variation,8,instock,6,outofstock,-2,SI
810121053737,EVOFUSION COOKIES AND CREAM 4.6 LBS EVOGEN,variation,0,outofstock,0,outofstock,0,no
850030689450,VITAMIN D3 REVIVE,simple,110,instock,110,instock,0,no
810014671598,ZING CHELATE 120 CAPSULAS,simple,2,instock,2,outofstock,0,SI
817189028264,AMINO K.E.M BLUEBERRY APPLE-EVOGEN,variation,6,instock,6,outofstock,0,SI
612590416675,REDS & GREENS GREEN APPLE 30 SERV- LANDERFIT,variation,27,instock,27,instock,0,no
799142775449,HORMONAL BALANCE 90 CAPSULAS- LANDERFIT,simple,55,instock,57,instock,2,SI
810121053560,EVP 3D STRAWBERRY LEMONADE-EVOGEN,variation,8,instock,7,instock,-1,SI
850026029055,WHEY 100% VAINILLA 2 LBS NUTREX,variation,26,instock,26,instock,0,no
817189024600,EVP-3D TROPIC THUNDER-EVOGEN,variation,7,instock,4,outofstock,-3,SI
810121057001,HIDRATACION WATERMELON,variation,16,instock,16,instock,0,no
713101732144,VEGANA ULTRA DE COCO 3 LBS IMPULSE,variation,5,instock,5,outofstock,0,SI
705016353187,PROTEINA ISO 100 GURMET CHOCOLATE 5 LBS DYMATIZE,variation,4,instock,4,outofstock,0,SI
748927059144,AMINO ENERGY JUICY STRAWBERRY 270 G,variation,0,outofstock,0,outofstock,0,no
810014675367,NAC 120 CAPSULAS,simple,60,instock,60,instock,0,no
748927062113,AMINO ENERGY BLUEBERRY LIMON 270 G,variation,5,instock,5,outofstock,0,SI
810121051290,CARNIGEN PREMIUN LIQUID RAINBON CANDY-EVOGEN,variation,28,instock,29,instock,1,SI
842595131741,C4 PERFORMANCE 16OZ ATOMIC GRAPE,variation,58,instock,58,instock,0,no
810390028313,ALPHA AMINO 30 SERV. ICY BLUE RAZZ CELLUCOR,variation,16,instock,16,instock,0,no
842595131291,C4 PERFORMANCE 16OZ HAWAIIAN PINEAPLE,variation,3269,instock,3269,instock,0,no
860007286902,CBUM PROTEINA  ISOLATADA 2 LBS VAINILLA OATMEAL COOKIES,variation,12,instock,12,instock,0,no
810121057995,AMINO K.E.M CITRUS CANDY- EVOGEN,variation,7,instock,7,instock,0,no
810014671659,COQ10 60 CAPSULAS,simple,2,instock,2,outofstock,0,SI
817189024532,AMINO K.E.M SOUR WATERMELON- EVOGEN,variation,8,instock,8,instock,0,no
748927051308,AMINO ENERGY WATERMELON 585G,variation,98,instock,104,instock,6,SI
745560722169,PROLIVE BIO5 CHOCO COCO DE 5 LBS IMPULSE,variation,1,instock,1,outofstock,0,SI
842595131628,C4 PERFORMANCE 16OZ CREAMISCLE,variation,67,instock,67,instock,0,no
891597004034,RTD CARNIVOR 500ML CHOCOLATE (MUSCLE MEDS),variation,778,instock,778,instock,0,no
705016600366,ISO 100 BIRTHDAY CAKE PEBBLES 1.34 LBS DYMATIZE,variation,2,instock,2,outofstock,0,SI
703556204808,COLAGENO DR. JOINT PROFESSIONAL JOINT SUPPORT TUTTI FRUTTI 52 SERV. IMPULSE,simple,64,instock,62,instock,-2,SI
859400007337,PROTEINA ISOFIT CHOCOLATE SHAKE 30 SERV. NUTREX,variation,6,instock,6,outofstock,0,SI
842595133608,C4 PERFORMANCE ENERGY 16OZ HAWAIIAN PUNCH TROPIC JUICE,variation,58,instock,58,instock,0,no
705016353217,ISO 100 VAINILLA 5 LBS DYMATIZE,variation,113,instock,113,instock,0,no
860008634467,PROTEIN COOKIE PEANUT BUTTER,variation,74,instock,74,instock,0,no
810121057940,EVP XTREME N.O. JUCY GRAPPE-EVOGEN,variation,5,instock,5,outofstock,0,SI
705016353231,ISO 100 FUDGE BROWNIE 3 LIBRAS DYMATIZE,variation,6,instock,6,outofstock,0,SI
810014671666,ALPHA LIPOIC ACID 600 MG 120 CAPSULAS,simple,12,instock,12,instock,0,no
181030000144,XTEND ORIGINAL 90 SERV. SMASH APPLE,variation,16,instock,16,instock,0,no
810014679426,MULTIVITAMINAS 120 CAPSULAS,simple,3,instock,3,outofstock,0,SI
817189027762,EVP 3D SOUR CANDY- EVOGEN,variation,11,instock,10,instock,-1,SI
817189020237,ISOJECT CHOCOLATE PEANUT BUTTER 1.97 LBS EVOGEN,variation,7,instock,7,instock,0,no
850016779366,BROWNIE + COLLAGEN RED VELVET,variation,79,instock,79,instock,0,no
850046504723,"TRIBULUS 1400, 90 CAPSULAS NUTREX",simple,2,instock,2,outofstock,0,SI
810121050798,EVP 3D ICED MOCHA COFFE-EVOGEN,variation,8,instock,8,instock,0,no
850030689214,MULTI VITAMIN REVIVE,simple,9,instock,9,instock,0,no
705016353439,ISO 100 FRUTY PEBLLES 5 LBS DYMATIZE,variation,14,instock,14,instock,0,no
612590415845,"PREMIUM WHEY STRAWBERRY 2,06 LBS-LANDERFIT",variation,7,instock,1,outofstock,-6,SI
850049150262,ESSENTIAL-BURNER (QUEMADOR DE GRASA),simple,6,instock,6,outofstock,0,SI
745560722145,PROLIVE BIO5 STRAWBERRY ICE CREAN 5 LBS IMPULSE,variation,318,instock,314,instock,-4,SI
817189024617,EVP 3D PEACH RINGS-EVOGEN,variation,5,instock,4,outofstock,-1,SI
748927060140,GOLD STANDAR WHEY DOBLE RICH 1.47 LBS 22 SERVING,variation,1,instock,1,outofstock,0,SI
810139574149,NAC DE 600 MG 30 CAPSULAS,simple,26,instock,26,instock,0,no
748927022902,AMINO ENERGY ORANGE 585G,variation,74,instock,74,instock,0,no
612590416200,ULTRA GLUTAMINA 60 SERVING- LANDERFIT,simple,6,instock,6,outofstock,0,SI
891597006427,RTD CARNIVOR SALTED CARAMEL 500ML (MUSCLE MEDS),variation,801,instock,801,instock,0,no
842595106596,C4 PERFORMANCE ENERGY 16OZ FROZEN BOMBSICLE,variation,40,instock,40,instock,0,no
799142775425,BODY RESTORE 60 CAPSULAS- LANDERFIT,simple,30,instock,31,instock,1,SI
842595111071,C4 PERFORMANCE16OZ CHERRYLIMEADE,variation,110,instock,110,instock,0,no
817189029117,EVP XTREME SMASHIN PASSION ORANGE,variation,7,instock,7,instock,0,no
65007665240,VMS-PROTEIN ISOLATE -HIDROLIZED BIO-ACTIVE VAINILLA 5 LBS,variation,37,instock,37,instock,0,no
612590416668,PREMIUN WHEY VAINILLA 26 SERVING- LANDERFIT,variation,7,instock,7,instock,0,no
810139573739,MILK THISTLE 120 CASULAS,simple,3,instock,3,outofstock,0,SI
608631655271,AMINO ESENCIAL 52 SERV. 520G BERRY ICE TEA IMPULSE,variation,8,instock,8,instock,0,no
850030689276,MULTI MINERAL REVIVE,simple,30,instock,30,instock,0,no
810121058701,EVP 3D PATRIOT POP- EVOGEN,variation,12,instock,12,instock,0,no
817189022743,EVOFUSION CHOCOLATE SHAKE 4.6 LBS EVOGEN,variation,3,instock,3,outofstock,0,SI
705016353446,ISO 100 COCOA PEBBLES 5 LBS DYMATIZE,variation,5,instock,5,outofstock,0,SI
7503013595868,WHEY PRO DUT CHOCOLATE 2 LBS,variation,6,instock,6,outofstock,0,SI
748927060607,AMINO ENERGY RTD SPARLING AE JUCY STRAWERRY OPTIMUN NUTRICION,variation,142,instock,142,instock,0,no
810121053553,EVP XTREME N.O. STRAWERRY LEMONADE-EVOGEN,variation,2,instock,2,outofstock,0,SI
608631655424,CREATINA STIM PRO52 SERV. FRUIT PUNCH IMPULSE,variation,56,instock,56,instock,0,no
745560722213,THERMOBLAST H2 (FAT BURNER) 120 CAPS (QUEMADOR MUJER) IMPULSE,simple,5,instock,5,outofstock,0,SI
842595106572,C4 PERFORMANCE ENERGY 16OZ STRAWBERY WATTERMELON ICE,variation,79,instock,79,instock,0,no
810121058695,EVP XTREME PATRIOT POP,variation,3,instock,3,outofstock,0,SI
810121056141,LIPOCIDE-IR TANGERINE-EVOGEN,variation,18,instock,21,instock,3,SI
810121058954,EVP 3D BLACK LEMONADE-EVOGEN,variation,11,instock,11,instock,0,no
612590416071,TRIBULUS TERRESTRIS STI 90-CAPSULAS- LANDERFIT,simple,25,instock,25,instock,0,no
745560722030,L- CARNITINA 3500 PIÑA COLADA IMPULSE,variation,2,instock,2,outofstock,0,SI
817189027793,LIPOCIDE- IR FRUIT PONCHS-EVOGEN,variation,42,instock,33,instock,-9,SI
810121056714,ISOJECT CHURRO 1.71 LBS ISOJET EVOGEN,variation,2,instock,2,outofstock,0,SI
799142775432,DIURETICO 40 CAPSULAS LANDERFIT,simple,15,instock,21,instock,6,SI
799142775340,SAW PALMETO 500 MG 100 CAPSULAS-LANDERFIT,simple,21,instock,21,instock,0,no
817189022750,EVOFUSION VANILLA BEAN ICE CREAM 4.6 LBS EVOGEN,variation,1,instock,1,outofstock,0,SI
748927023190,AMINO ENERGY BLUE RASPBERRY 585G,variation,105,instock,105,instock,0,no
810121056738,ISOJECT TIRAMISU 1.76 LBS ISOJET EVOGEN,variation,2,instock,2,outofstock,0,SI
810121058961,EVP XTREME BLACK BERRY LEMONADA,variation,12,instock,12,instock,0,no
748927060621,AMINO ENERGY RTD SPANLING AE GRAPE OPTIMUN NUTRICION,variation,335,instock,335,instock,0,no
810121053812,EVP XTREME N.O. POLAR CHERRY FROST-EVOGEN,variation,8,instock,8,instock,0,no
748927023848,CREATINA ON POWDER MICRONISADA,simple,402,instock,402,instock,0,no
631656716962,MASS TECH EXTREME 2000-6 LBS TRIPLE CHOCOLATE BROWNIE,variation,34,instock,34,instock,0,no
713325974009,DHEA 180 CAPSULAS,simple,11,instock,11,instock,0,no
608631655288,AMINO ESENCIAL 52 SERVIN 20 GRAMOS PINK LEMONADE IMPULSE,variation,2,instock,2,outofstock,0,SI
811445020405,ZMA PRIMA FORCE ABOLIC MINERAL SUPORT 180 CAPSULAS,simple,4,instock,4,outofstock,0,SI
810014675435,VITAMINA B 12 DE 2000 MG 240 CAPSULAS,simple,0,outofstock,0,outofstock,0,no
703556204822,PROLIVE BIO5 WHITE CHOCORAINBOW DE 5 LB IMPULSE,variation,49,instock,41,instock,-8,SI
829263000028,NITRO UP BLEND 5 LBS - COOKIES & CREAM - MUSCLEOLOGY,variation,6,instock,6,outofstock,0,SI
810390028320,ALPHA AMINO 30 SERV. FRUIT PUNCH CELLUCOR,variation,8,instock,8,instock,0,no
850030689283,VITAMIN K2 & D3 REVIVE,simple,10,instock,16,instock,6,SI
842595134971,C4 PERFORMANCE ENERGY 16OZ GREEN APPLE JOLLY RANCHER,variation,84,instock,84,instock,0,no
8101210579694,EVP 3D JUCY GRAPPE EVOGEN,variation,8,instock,9,instock,1,SI
810139574170,MAGNESIUM CITRATE 60 CAPSULAS,simple,73,instock,73,instock,0,no
612590415777,MULTI PAHSE MULTIVITAMIN 90 CAPSULAS- LANDERFIT,simple,26,instock,26,instock,0,no
799142775005,AMINO REVOLUTION + ELECTROLITROS COCONUT 30 SERVI-LANDERFIT,variation,3,instock,3,outofstock,0,SI
810121055908,CARNIGEN PREMIUN LIQUID VICTORY PUNCH-EVOGEN,variation,21,instock,21,instock,0,no
748927068269,AMINO ENERGY SPARLING AE BERRY BURST OPTIMUN NUTRICION,variation,509,instock,509,instock,0,no
748927060133,GOLD STANDAR WHEY VAINILLA ICE CREAM 1.5 LBS 22 SERVING,variation,7,instock,6,outofstock,-1,SI
748927026665,AMINO ENERGY FRUIT FUSION 270 G,variation,135,instock,135,instock,0,no
829263000066,NITRO UP BLEND VAINILLA 5 LBS - MUSCLEOLOGY,variation,8,instock,8,instock,0,no
810014673165,CHROMIO PICOLINATE 10000 MG 240 CAPSULAS,simple,4,instock,4,outofstock,0,SI
829263210137,CATEGORY 5 - CREATINA POWDER STIM FREE PREWORKOUT - MUSCLEOLOGY,simple,30,instock,30,instock,0,no
745560722022,"GLUTA MAX GLUTAMINA MICRONISADA, 80 SERV. 400G (UNFLAVORED) IMPULSE",simple,18,instock,13,instock,-5,SI
842595134964,C4 PERFORMANCE ENERGY 16OZ WATERMELON JOLLY RANCHER,variation,108,instock,108,instock,0,no
810121058015,CELL K.E.M PEACH RING,variation,3,instock,3,outofstock,0,SI
810121056721,ISOJECT ICE CREAM SANDWICH 1.82 LBS ISOJET EVOGEN,variation,6,instock,6,outofstock,0,SI
745560722138,PROLIVE BIO5 VAINILLA DE 5 LB IMPULSE,variation,232,instock,232,instock,0,no
810121056417,ISOJECT CHOCOLATE PEANUTBUTTER BANANA 1.76 LBS ISOJET EVOGEN,variation,3,instock,3,outofstock,0,SI
810121056707,ISOJECT OATMEAL COOKIE 1.76 LBS ISOJET EVOGEN,variation,3,instock,3,outofstock,0,SI
7503029523006,GLYCOJET CHERRY- EVOGEN,variation,13,instock,13,instock,0,no
842595106084,C4 ORIGINAL ICE BLUE RAZZ 60 SERV (PRE-WORK) CELLUCOR,variation,1,instock,1,outofstock,0,SI
859400007580,ISOFIT CHOCOLATE SHAKE 70 SERV 5 LBS NUTREX,variation,2,instock,2,outofstock,0,SI
810014674001,R-ALPHA LIPOIC ACID 100 MG 120 CAPSULAS,simple,12,instock,12,instock,0,no
705016353170,ISO 100 STRAWERRY 5 LBS DYMATIZE,variation,0,outofstock,0,outofstock,0,no
810121057261,HIDRATACION PEACH TEA,variation,15,instock,15,instock,0,no
745560722176,PROLIVE BIO5 COOKIS AND CREAM DE 5LB IMPULSE,variation,101,instock,101,instock,0,no
745560722152,PROLIVE BIO5 DE CHOCOLATE 5 LBS IMPULSE,variation,336,instock,332,instock,-4,SI
850044753833,PROTEINA DE 4.8 LB COOKIE & CREAM PRIMEVAL LABS,variation,67,instock,67,instock,0,no
612590416002,AMINO REVOLUTION LANDERFIT RASPBERRY LEMONADE + ELECTROLITROS,variation,1,instock,1,outofstock,0,SI
817189028998,ISOJECT COOKIE AND CREAM 4 LBS EVOGEN,variation,3,instock,3,outofstock,0,SI
842595135558,C4 PERFORMANCE 16OZ TROPICAL TUNDRA FROST,variation,61,instock,61,instock,0,no
713101732014,PROLIVE BIO6 COCONUT 6 LBS IMPULSE,variation,2,instock,2,outofstock,0,SI
703556204751,L-CARNITINA 3500 WATERMELON IMPULSE,variation,12,instock,10,instock,-2,SI
631656603118,TETOSTERONA BUSTER SIX STAR MUSCLETECH,simple,14,instock,14,instock,0,no
810121055298,HIDRATACION LEMON LIME,variation,17,instock,16,instock,-1,SI
810121056486,BETA-ALANINE EVOGEN,simple,20,instock,20,instock,0,no
817189020190,GLYCOJET UN FLAVORED,variation,11,instock,11,instock,0,no
842595106619,C4 PERFORMANCE ENERGY 16OZ ARCTIC SNOW CONE,variation,62,instock,62,instock,0,no
842595121759,C4 PERFORMANCE ENERGY 16OZ STRAWBERRY BLAST,variation,87,instock,87,instock,0,no
810121055113,VITAMIN D3 EVOGEN,simple,40,instock,40,instock,0,no
842595135541,C4 PERFORMANCE CHERRY BOMB FROST,variation,59,instock,59,instock,0,no
810121053966,EVP XTREME PEACH RINGS,variation,2,instock,2,outofstock,0,SI
817189025393,AMINO K.E.M TROPIC TUNDER-EVOGEN,variation,11,instock,11,instock,0,no
748927055351,AMINO ENERGY GREEN APPLE 585G,variation,3,instock,3,outofstock,0,SI
829263227135,DTOX KIDNEY DETOXIFIER MUSCLEOLOGY,simple,40,instock,40,instock,0,no
612590416019,"OMEGA 3, ACEITE DE PESCADO LANDERFIT",simple,108,instock,108,instock,0,no
829263000240,BCCA SUPER 8 MARACUYA 30 SERV - MUSCLEOLOGY,simple,1,instock,1,outofstock,0,SI
631656716979,MASS TECH -EXTREME 2000- VAINILLA 2000 6 LBS MUSCLETECH,variation,20,instock,9,instock,-11,SI
666222941004,XPEL CAPS (MHP),simple,81,instock,87,instock,6,SI
7500634000528,CREATINAMONOHIDRATADA 72 SERVING,simple,56,instock,56,instock,0,no
817189029087,ISOJECT CINAMON CRUNCH 1.77 EVOGEN,variation,2,instock,3,outofstock,1,SI
850044753857,PROTEINA DE 4.8 LB VAINILLA PRIMEVAL LABS,variation,70,instock,75,instock,5,SI
748927028669,GOLD STANDARD WEY DOUBLE RICH CHOCOLATE 5 LBS,variation,404,instock,402,instock,-2,SI
842595131253,C4 PERFORMANCE 16OZ CHERRY,variation,93,instock,92,instock,-1,SI
748927054002,AMINO ENERGY BLUEBERRY MOJITO 270 G,variation,26,instock,26,instock,0,no
650076635257,VMS-PROTEIN ISOLATE-HIDROLIZED BIO-ACTIVE DE FRESA 5LB,variation,120,instock,120,instock,0,no
612590416651,REDS & GREENS PINA 30 SERVING- LANDERFIT,variation,19,instock,18,instock,-1,SI
7503013595776,WHEY PROTEIN 5 LBS DUTCH CHOCOLATE,variation,14,instock,12,instock,-2,SI
817189029032,CREATINA MICRONIZADA MONOHIDRATADA 60SERV. EVOGEN,simple,90,instock,57,instock,-33,SI
817189025386,EVP 3D SOUR WATERMELON- EVOGEN,variation,6,instock,6,outofstock,0,SI
810390028344,ALPHA AMINO 30 SERV. WATERMELON CELLUCOR,variation,15,instock,15,instock,0,no
810121057018,HIDRATACION TANGERINE 30M SERVING,variation,20,instock,20,instock,0,no
748927062748,AMINO ENERGY SPARLING AE MANGO PINIAPLE LIMONADE OPTIMUN NUTRICION,variation,371,instock,371,instock,0,no
842595131277,C4 PERFORMANCE 16OZ POPSICLE GRAPE,variation,257,instock,257,instock,0,no
745560721971,RAPTOR X5 FRUIT PUNCH IMPULSE,simple,4,instock,4,outofstock,0,SI
860007448966,RAW TEST,simple,0,outofstock,0,outofstock,0,no
860007286919,PROTEINA ISOLATADA DE 2 LBS CINNAMON  CRUNCH CEREAL,variation,6,instock,6,outofstock,0,SI
810121051306,CARNIGEN REMIUN LIQUID SOUR GUMMIES-EVOGEN,variation,36,instock,35,instock,-1,SI
748927060614,AMINO ENERGY SPARLING AE WATHERMELO OPTIMUN NUTRICION,variation,498,instock,498,instock,0,no
850057175356,CBUM-ITHOLATE-PROTEIN-VANILLA-OA TMEAL COOKIE - 5LB (ISOLATADA),variation,3,instock,3,outofstock,0,SI
