Codigo,Nombre,Tipo,Grupo,Subgrupo,Almacen,Cant.,Apartados,Cant.Total,id,sku,stock,status,nombre,tipo,coincide
666222007984,ACTIVE TIME RELEASED SPORT (MHP),Producto,MHP,,BODEGA ATRIO,11,0,11,11831,666222007984,11,instock,Multivitamínico Deportivo Activite Sport - MHP - 120 Tabletas - Nutrición Completa y Energía Duradera,simple,True
810390028320,ALPHA AMINO 30 SERV. FRUIT PUNCH CELLUCOR,Producto,CELLUCOR,,BODEGA ATRIO,8,0,8,18907,810390028320,8,instock,Fruit Punch,variation,True
810390028313,ALPHA AMINO 30 SERV. ICY BLUE RAZZ CELLUCOR,Producto,CELLUCOR,,BODEGA ATRIO,16,0,16,18906,810390028313,16,instock,Icy Blue Razz,variation,True
810390028344,ALPHA AMINO 30 SERV. WATERMELON CELLUCOR,Producto,CELLUCOR,,BODEGA ATRIO,15,0,15,18908,810390028344,15,instock,Watermelon,variation,True
810014671666,ALPHA LIPOIC ACID 600 MG 120 CAPSULAS,Producto,NUTRICOST,,BODEGA ATRIO,12,0,12,13368,810014671666,12,instock,Alpha Lipoic Acid 600 mg - Nutricost - 120 Cápsulas - Antioxidante Potente y Mejora del Metabolismo,simple,True
748927026825,AMINO ENERGY BLUE RASPBERRY 270 G,Producto,OPTIMUM NUTRITION,,BODEGA ATRIO,48,0,48,299,748927026825,48,instock,Optimum Nutrition Amino Energy - Blue raspberry - 270 g - Energía y Recuperación Muscular,simple,True
748927023190,AMINO ENERGY BLUE RASPBERRY 585G,Producto,OPTIMUM NUTRITION,,BODEGA ATRIO,99,0,99,19873,748927023190,99,instock,Blue Raspberry,variation,True
748927062113,AMINO ENERGY BLUEBERRY LIMON 270 G,Producto,OPTIMUM NUTRITION,,BODEGA ATRIO,5,0,5,19849,748927062113,5,instock,BlueBerry Limon,variation,True
748927054002,AMINO ENERGY BLUEBERRY MOJITO 270 G,Producto,OPTIMUM NUTRITION,,BODEGA ATRIO,26,0,26,19852,748927054002,26,instock,Blueberry Mojito,variation,True
748927026658,AMINO ENERGY CONCOR GRAPE 270 G,Producto,OPTIMUM NUTRITION,,BODEGA ATRIO,14,0,14,19857,748927026658,14,instock,Concor Grape,variation,True
748927022940,AMINO ENERGY CONCOR GRAPE 585G,Producto,OPTIMUM NUTRITION,,BODEGA ATRIO,102,0,102,19877,748927022940,102,instock,Concord Grape,variation,True
748927026665,AMINO ENERGY FRUIT FUSION 270 G,Producto,OPTIMUM NUTRITION,,BODEGA ATRIO,139,0,139,19856,748927026665,139,instock,Fruit Fusion,variation,True
748927023374,AMINO ENERGY FRUIT FUSION 585G,Producto,OPTIMUM NUTRITION,,BODEGA ATRIO,112,0,112,19874,748927023374,112,instock,Fruit Fusion,variation,True
748927051704,AMINO ENERGY GREEN APPLE 270 G,Producto,OPTIMUM NUTRITION,,BODEGA ATRIO,30,0,30,19855,748927051704,30,instock,Green Apple,variation,True
748927055351,AMINO ENERGY GREEN APPLE 585G,Producto,OPTIMUM NUTRITION,,BODEGA ATRIO,3,0,3,19876,748927055351,3,instock,Green Apple,variation,True
748927059144,AMINO ENERGY JUICY STRAWBERRY 270 G,Producto,OPTIMUM NUTRITION,,BODEGA ATRIO,0,0,0,19847,748927059144,0,outofstock,Juicy Strawberry,variation,True
748927025255,AMINO ENERGY ORANGE 270 G,Producto,OPTIMUM NUTRITION,,BODEGA ATRIO,23,0,23,19853,748927025255,23,instock,Orange,variation,True
748927022902,AMINO ENERGY ORANGE 585G,Producto,OPTIMUM NUTRITION,,BODEGA ATRIO,71,0,71,19872,748927022902,71,instock,Orange,variation,True
748927060621,AMINO ENERGY RTD SPANLING AE GRAPE OPTIMUN NUTRICION,Producto,REFRI ON,,BODEGA ATRIO,335,0,335,19083,748927060621,335,instock,Uva,variation,True
748927062731,AMINO ENERGY RTD SPARLING AE JUCY CHERRY OPTIMUN NUTRICION,Producto,REFRI ON,,BODEGA ATRIO,488,0,488,19084,748927062731,488,instock,Juicy Cherry,variation,True
748927060607,AMINO ENERGY RTD SPARLING AE JUCY STRAWERRY OPTIMUN NUTRICION,Producto,REFRI ON,,BODEGA ATRIO,181,0,181,19085,748927060607,181,instock,Juicy Strawberry,variation,True
748927066005,AMINO ENERGY RTD SPARLING AE ORANGE OPTIMUN NUTRICION,Producto,REFRI ON,,BODEGA ATRIO,0,0,0,9446,748927066005,0,outofstock,ON Sparling AE Orange SD 12oz 12Ct,simple,True
748927068269,AMINO ENERGY SPARLING AE BERRY BURST OPTIMUN NUTRICION,Producto,REFRI ON,,BODEGA ATRIO,497,0,497,19088,748927068269,497,instock,Berry Burst,variation,True
748927062748,AMINO ENERGY SPARLING AE MANGO PINIAPLE LIMONADE OPTIMUN NUTRICION,Producto,REFRI ON,,BODEGA ATRIO,383,0,383,19086,748927062748,383,instock,Mango Pineapple Lemonade,variation,True
748927063486,AMINO ENERGY SPARLING AE PEACH BELLINI OPTIMUN NUTRICION,Producto,REFRI ON,,BODEGA ATRIO,691,0,691,19089,748927063486,691,instock,Peach Bellini﻿,variation,True
748927060614,AMINO ENERGY SPARLING AE WATHERMELO OPTIMUN NUTRICION,Producto,REFRI ON,,BODEGA ATRIO,598,12,586,19087,748927060614,586,instock,Sandia,variation,True
748927068238,AMINO ENERGY STRAWBERRY BURST + ELECTROLITOS 270 G,Producto,OPTIMUM NUTRITION,,BODEGA ATRIO,45,0,45,11841,748927068238,45,instock,"Optimum Nutrition Amino Energy - Strawberry Burst + Electrolitos - 270 g - Energía, Hidratación y Recuperación Muscular",simple,True
748927051698,AMINO ENERGY STRAWBERRY LIMON 270 G,Producto,OPTIMUM NUTRITION,,BODEGA ATRIO,33,0,33,19851,748927051698,33,instock,StrawBerry Limon,variation,True
748927069068,AMINO ENERGY TROPICAL SUNRISE 270 G,Producto,OPTIMUM NUTRITION,,BODEGA ATRIO,2,0,2,19848,748927069068,2,instock,Tropical Sunrise,variation,True
748927026672,AMINO ENERGY WATERMELON 270 G,Producto,OPTIMUM NUTRITION,,BODEGA ATRIO,151,0,151,19854,748927026672,151,instock,Watermelon,variation,True
748927051308,AMINO ENERGY WATERMELON 585G,Producto,OPTIMUM NUTRITION,,BODEGA ATRIO,98,0,98,19875,748927051308,98,instock,Watermelon,variation,True
748927060522,AMINO ENERGY WATERMELON SPLASH 270 G + ELECTROLITOS,Producto,OPTIMUM NUTRITION,,BODEGA ATRIO,42,0,42,11842,748927060522,42,instock,"Optimum Nutrition Amino Energy - Watermelon Splash + Electrolitos - 270 g - Energía, Hidratación y Recuperación Muscular",simple,True
748927063646,AMINO ENERGY WILD BERRY 270 G,Producto,OPTIMUM NUTRITION,,BODEGA ATRIO,1,0,1,19850,748927063646,1,instock,Wild Berry,variation,True
608631655271,AMINO ESENCIAL 52 SERV. 520G BERRY ICE TEA IMPULSE,Producto,IMPULSE SUPLEMENT,,BODEGA ATRIO,11,0,11,21120,608631655271,11,instock,Berry Ice Tea,variation,True
608631655288,AMINO ESENCIAL 52 SERVIN 20 GRAMOS PINK LEMONADE IMPULSE,Producto,IMPULSE SUPLEMENT,,BODEGA ATRIO,3,0,3,21119,608631655288,3,instock,Pink Lemonade,variation,True
703556204907,AMINO ESENCIAL 52 SERVING PINA COLADA IMPULSE,Producto,IMPULSE SUPLEMENT,,BODEGA ATRIO,10,0,10,21121,703556204907,10,instock,Piña Colada,variation,True
810121058978,AMINO K.E.M BLACK BERRY LEMONADE- EVOGEN,Producto,EVOGEN,,BODEGA ATRIO,7,0,7,19263,810121058978,7,instock,Blackberry Lemonade,variation,True
817189028264,AMINO K.E.M BLUEBERRY APPLE-EVOGEN,Producto,EVOGEN,,BODEGA ATRIO,7,0,7,19261,817189028264,7,instock,Blueberry Apple,variation,True
810121057995,AMINO K.E.M CITRUS CANDY- EVOGEN,Producto,EVOGEN,,BODEGA ATRIO,7,0,7,19255,810121057995,7,instock,Citrus Candy,variation,True
810121057988,AMINO K.E.M JUICY GRAPE-EVOGEN,Producto,EVOGEN,,BODEGA ATRIO,5,0,5,19256,810121057988,5,instock,Juicy Grape,variation,True
817189024549,AMINO K.E.M PATRIOT POP- EVOGEN,Producto,EVOGEN,,BODEGA ATRIO,9,0,9,19254,817189024549,9,instock,Patriot Pop,variation,True
817189028523,AMINO K.E.M SOUR CANDY- EVOGEN,Producto,EVOGEN,,BODEGA ATRIO,8,0,8,19259,817189028523,8,instock,Sour Candy,variation,True
817189024532,AMINO K.E.M SOUR WATERMELON- EVOGEN,Producto,EVOGEN,,BODEGA ATRIO,8,0,8,19262,817189024532,8,instock,Sour Watermelon,variation,True
817189025393,AMINO K.E.M TROPIC TUNDER-EVOGEN,Producto,EVOGEN,,BODEGA ATRIO,10,0,10,19260,817189025393,10,instock,Tropic Thunder,variation,True
810121054857,AMINO K.E.M VICTORY PUNCHS- EVOGEN,Producto,EVOGEN,,BODEGA ATRIO,4,0,4,19257,810121054857,4,instock,Victory Punch,variation,True
810121055755,AMINO K.E.N CRAN BERRY POMEGRANATE- EVOGEN,Producto,EVOGEN,,BODEGA ATRIO,3,0,3,19258,810121055755,3,instock,Cranberry Pomegranate,variation,True
799142775005,AMINO REVOLUTION + ELECTROLITROS COCONUT 30 SERVI-LANDERFIT,Producto,LANDERFIT,,BODEGA ATRIO,3,0,3,19959,799142775005,3,instock,Coconut,variation,True
612590415975,AMINO REVOLUTION FRUIT PUNCH+ELECTROLITOS- LANDERFIT,Producto,LANDERFIT,,BODEGA ATRIO,1,0,1,19958,612590415975,1,instock,Fruit Punch,variation,True
612590416378,AMINO REVOLUTION GRAPE+ELECTRO LITROS-LANDERFIT,Producto,LANDERFIT,,BODEGA ATRIO,0,0,0,19954,612590416378,0,outofstock,Grape,variation,True
612590415982,AMINO REVOLUTION LANDERFIT GREEN APPLE-LANDERFIT,Producto,LANDERFIT,,BODEGA ATRIO,0,0,0,19957,612590415982,0,outofstock,Green Apple,variation,True
612590416002,AMINO REVOLUTION LANDERFIT RASPBERRY LEMONADE + ELECTROLITROS,Producto,LANDERFIT,,BODEGA ATRIO,1,0,1,19956,612590416002,1,instock,Raspberry Lemonade,variation,True
850005755876,ANABOL HARDCORE 60 CAPSULAS NUTREX,Producto,NUTREX,,BODEGA ATRIO,0,0,0,13117,850005755876,0,outofstock,Anabol Hardcore - Nutrex - 60 Cápsulas - Aumento de Masa Muscular y Fuerza Máxima,simple,True
666222942018,ANADROX PUMP & BURN (MHP),Producto,MHP,,BODEGA ATRIO,0,0,0,9722,666222942018,0,outofstock,ANADROX PUMP & BURN (MHP),simple,True
850030689016,ASHWAGANDHA KSM-66 REVIVE,Producto,REVIVE,,BODEGA ATRIO,26,0,26,11248,850030689016,26,instock,Ashwagandha KSM-66 Revive - Reducción del Estrés y Mejora del Enfoque Mental,simple,True
811445021389,ASWHAGANDHA -KSM -66 DE 60 CAPSULAS,Producto,NUTRICOST,,BODEGA ATRIO,0,0,0,13369,811445021389,0,outofstock,Ashwagandha KSM-66 - Nutricost - 60 Cápsulas - Reducción del Estrés y Aumento de Energía Natural,simple,True
745560722053,BCAA + GLUTAMINA 30 SERVS. 330G UVA (AMINO BCAA) IMPULSE,Producto,IMPULSE SUPLEMENT,,BODEGA ATRIO,0,0,0,106,745560722053,0,outofstock,BCAA + GLUTAMINA 30 SERVS. 330G UVA (AMINO BCAA) IMPULSE,simple,True
745560722084,BCAA + GLUTAMINE 30 SERV. 330G FRUIT PONCHS (AMINO BCAA) IMPULSE,Producto,IMPULSE SUPLEMENT,,BODEGA ATRIO,0,0,0,107,745560722084,0,outofstock,BCAA + Glutamine - Impluse - Sabor Fruit Punch - 30 Serv - Suplemento Aminoacidos para Recuperación Muscular y Energía,simple,True
859400007719,BCAA 6000 WATERMELON 30 SERV NUTREX,Producto,NUTREX,,BODEGA ATRIO,2,0,2,8688,859400007719,2,instock,NUTREX BCAA 6000 WATERMELON 30 SERV,simple,True
612590416101,BCAA REVOLUTION GREEN APPLE 30 SERV-LANDERFITERFIT,Producto,LANDERFIT,,BODEGA ATRIO,0,0,0,19970,612590416101,0,outofstock,Green Apple,variation,True
612590416392,BCAA REVOLUTION LANDERFIT WATERMELON,Producto,LANDERFIT,,BODEGA ATRIO,0,0,0,19973,612590416392,0,outofstock,Watermelon,variation,True
612590416118,BCAA REVOLUTION LEMON 30 SERV- LANDERFIT,Producto,LANDERFIT,,BODEGA ATRIO,0,0,0,19972,612590416118,0,outofstock,Lemon,variation,True
612590416385,BCAA REVOLUTION PINEAPLE 30 SERVLANDERFITI,Producto,LANDERFIT,,BODEGA ATRIO,0,0,0,19971,612590416385,0,outofstock,Pineapple,variation,True
7503018110950,BCAA+GLUTAMINE WITH HYDRAGEN COMPLEX BLACKBERRY LEMONADE FORZAGEN,Producto,FORZAGEN,,BODEGA ATRIO,0,0,0,8822,7503018110950,0,outofstock,BCAA+GLUTAMINE WITH HYDRAGEN COMPLEX Blackberry Lemonade,simple,True
7503018110158,BCAA+GLUTAMINE WITH HYDRAGEN COMPLEX BLUE RAZZ FORZAGEN,Producto,FORZAGEN,,BODEGA ATRIO,0,0,0,8808,7503018110158,0,outofstock,BCAA+GLUTAMINE WITH HYDRAGEN COMPLEX Blue Razz,simple,True
7503018110141,BCAA+GLUTAMINE WITH HYDRAGEN COMPLEX PINEAPPLE FORZAGEN,Producto,FORZAGEN,,BODEGA ATRIO,0,0,0,8817,7503018110141,0,outofstock,BCAA+GLUTAMINE WITH HYDRAGEN COMPLEX PINEAPPLE FORZAGEN,simple,True
7500634001853,BCAA+GLUTAMINE WITH HYDRAGEN COMPLEX SNOW CONE FORZAGEN,Producto,FORZAGEN,,BODEGA ATRIO,0,0,0,8807,7500634001853,0,outofstock,BCAA+GLUTAMINE WITH HYDRAGEN COMPLEX SNOW CONE FORZAGEN,simple,True
829263000240,BCCA SUPER 8 MARACUYA 30 SERV - MUSCLEOLOGY,Producto,MUSCLEOLOGY,,BODEGA ATRIO,2,0,2,11192,829263000240,2,instock,BCAA Super 8 - Muscleology - Sabor Maracuyá - 30 Serv - Recuperación Muscular y Resistencia,simple,True
891597002757,BEEF AMINOS CAPS 300 TABLETAS CARNIVOR,Producto,CARNIVOR,,BODEGA ATRIO,1,0,1,9715,891597002757,1,instock,Carnivor Beef Aminos - MuscleMeds - 300 Tabletas - Aminoácidos para Recuperación Muscular,simple,True
810139572879,BERBERINA 60 CAPSULAS,Producto,NUTRICOST,,BODEGA ATRIO,66,0,66,13370,810139572879,66,instock,Berberine - Nutricost - 60 Cápsulas - Apoyo a la Salud Metabólica y Control de Azúcar en Sangre,simple,True
850049150613,BETA ALANINE 60 SERVING RAW,Producto,RAW,,BODEGA ATRIO,11,0,11,11862,850049150613,11,instock,Beta Alanine - RAW - 60 Serv - Mejora de Resistencia Muscular y Rendimiento Deportivo,simple,True
810121056486,BETA-ALANINE EVOGEN,Producto,EVOGEN,,BODEGA ATRIO,20,0,20,11861,810121056486,20,instock,Beta-Alanine - Evogen - Resistencia Muscular y  Rendimiento Deportivo,simple,True
810139572534,BIOTIN 120 CAPSULAS,Producto,NUTRICOST,,BODEGA ATRIO,1,0,1,13371,810139572534,1,instock,"Biotin - Nutricost - 120 Cápsulas - Salud del Cabello, Piel y Uñas",simple,True
829263411138,BLEND NITRO UP DE 2LB CHOCOLATE MUSCLEOLOGY,Producto,MUSCLEOLOGY,,BODEGA ATRIO,0,0,0,11137,829263411138,0,outofstock,hydrolyzed whey protein isolate: whis - Nitro UP 2LB chocolate,simple,True
829263000080,BLEND NITRO UP DE 2LB COOKIES AND CREAM MUSCLEOLOGY,Producto,MUSCLEOLOGY,,BODEGA ATRIO,0,0,0,11138,829263000080,0,outofstock,PROTEINA BLEND NITRO UP DE 2LB COOKIES AND CREAM MUSCLEOLOGY,simple,True
829263000134,BLEND NITRO UP DE 2LB VAINILLA MUSCLEOLOGY,Producto,MUSCLEOLOGY,,BODEGA ATRIO,0,0,0,11139,829263000134,0,outofstock,hydrolyzed whey protein isolate: whis - Nitro UP 2LB vainilla,simple,True
799142775425,BODY RESTORE 60 CAPSULAS- LANDERFIT,Producto,LANDERFIT,,BODEGA ATRIO,30,0,30,14413,799142775425,30,instock,Body Restore – LanderFit – 60 cápsulas – Recuperación Muscular y Reducción del Estrés,simple,True
811213024840,BPI BEST BCAA FRUIT PUNCH 30 SERV (AMINO BCAA),Producto,BPI,,BODEGA ATRIO,0,0,0,11872,811213024840,0,outofstock,BPI Sports Best BCAA - Sabor Fruit Punch - 30 Serv - Recuperación Muscular,simple,True
811213027513,BPI MICRONIZED CREATINA 600G UNFLAVORED,Producto,BPI,,BODEGA ATRIO,111,0,111,140,811213027513,111,instock,Creatina Micronizada BPI Sports 600g - 120 Serv - Sin Sabor - Aumenta Fuerza y Rendimiento,simple,True
850016779366,BROWNIE + COLLAGEN RED VELVET,Producto,SNACK,,BODEGA ATRIO,80,0,80,19045,850016779366,80,instock,Red Velvet,variation,True
850016779359,BROWNIE +COLLAGEN BIRTHDAY CAKE BLONDIE,Producto,SNACK,,BODEGA ATRIO,112,0,112,19047,850016779359,112,instock,Birthday Cake Blondie﻿,variation,True
850016779373,BROWNIE CHOCOLATE FUDGE,Producto,SNACK,,BODEGA ATRIO,275,0,275,19044,850016779373,275,instock,Chocolate Fudge,variation,True
860008412199,BROWNIE LEMON ZEST,Producto,SNACK,,BODEGA ATRIO,88,0,88,19046,860008412199,88,instock,Lemon Zets,variation,True
834266006106,BSN SYNTHA 6 VANILLA 2.91 LBS (PROTEINA),Producto,VARIADOS,,BODEGA ATRIO,0,0,0,145,834266006106,0,outofstock,BSN Syntha 6 - Impulse - Sabor Vanilla - 2.91 LBS - Proteína para Ganancia y Recuperación,simple,True
850049150965,BUM-ENERGY - BLUE SNOW,Producto,REFRI BUM,,BODEGA ATRIO,2,0,2,18987,850049150965,2,instock,Blue Snow,variation,True
850039445279,BUM-ENERGY - CHERRY FROST,Producto,REFRI BUM,,BODEGA ATRIO,0,0,0,18988,850039445279,0,outofstock,Cherry Frost,variation,True
850049150347,BUM-ENERGY - CITRUS BURST,Producto,REFRI BUM,,BODEGA ATRIO,0,0,0,18985,850049150347,0,outofstock,Citrus burst,variation,True
850039445286,BUM-ENERGY - ORANGE,Producto,REFRI BUM,,BODEGA ATRIO,0,0,0,18984,850039445286,0,outofstock,Naranja,variation,True
850057175295,BUM-ENERGY - ROOT BEER,Producto,REFRI BUM,,BODEGA ATRIO,16,0,16,18986,850057175295,16,instock,Root Beer,variation,True
842595106039,C4 ORIGINAL FRUIT PUNCH 30 SERV (PRE-WORK) CELLUCOR,Producto,CELLUCOR,,BODEGA ATRIO,0,0,0,8557,842595106039,0,outofstock,Pre-Entreno Cellucor C4 Original - Sabor Fruit Punch - 30 Serv - Suplemento Energía y Enfoque,simple,True
842595106046,C4 ORIGINAL FRUIT PUNCH 60 SERV (PRE-WORK) CELLUCOR,Producto,CELLUCOR,,BODEGA ATRIO,0,0,0,18920,842595106046,0,outofstock,Fruit Punch,variation,True
842595106077,C4 ORIGINAL ICE BLUE RAZZ 30 SERV (PRE-WORK) CELLUCOR,Producto,CELLUCOR,,BODEGA ATRIO,0,0,0,11832,842595106077,0,outofstock,Cellucor C4 Original ice blue razz 30 serv (INTL) (Pre-Work),simple,True
842595106084,C4 ORIGINAL ICE BLUE RAZZ 60 SERV (PRE-WORK) CELLUCOR,Producto,CELLUCOR,,BODEGA ATRIO,1,0,1,18919,842595106084,1,instock,Ice Blue Razz,variation,True
842595106114,C4 ORIGINAL PINK LEMONADE 30 SERV (PRE-WORK) CELLUCOR,Producto,CELLUCOR,,BODEGA ATRIO,0,0,0,175,842595106114,0,outofstock,C4 ORIGINAL PINK LEMONADE 30 SERV (PRE-WORK) CELLUCOR,simple,True
842595106121,C4 ORIGINAL PINK LEMONADE 60 SERV (PRE-WORK) CELLUCOR,Producto,CELLUCOR,,BODEGA ATRIO,0,0,0,18918,842595106121,0,outofstock,Pink Lemonde,variation,True
842595131741,C4 PERFORMANCE 16OZ ATOMIC GRAPE,Producto,REFRI C4,,BODEGA ATRIO,58,0,58,20445,842595131741,58,instock,Atomic Grape,variation,True
842595131253,C4 PERFORMANCE 16OZ CHERRY,Producto,REFRI C4,,BODEGA ATRIO,106,0,106,20470,842595131253,106,instock,Cherry Popsicle,variation,True
842595131628,C4 PERFORMANCE 16OZ CREAMISCLE,Producto,REFRI C4,,BODEGA ATRIO,67,0,67,20468,842595131628,67,instock,Orange creamsicle,variation,True
842595131727,C4 PERFORMANCE 16OZ ELECTRIC SOUR APPLE,Producto,REFRI C4,,BODEGA ATRIO,61,0,61,20447,842595131727,61,instock,Electric Sour Apple,variation,True
842595135534,C4 PERFORMANCE 16OZ FROST BITTEN CITRUS,Producto,REFRI C4,,BODEGA ATRIO,74,0,74,20448,842595135534,74,instock,Frost Bitten Citrus,variation,True
842595121650,C4 PERFORMANCE 16OZ FRUIT PUNCH,Producto,REFRI C4,,BODEGA ATRIO,55,0,55,20432,842595121650,55,instock,Fruit Punch,variation,True
842595131291,C4 PERFORMANCE 16OZ HAWAIIAN PINEAPLE,Producto,REFRI C4,,BODEGA ATRIO,3312,0,3312,20467,842595131291,3312,instock,Hawaiian Pineaple Popsicle,variation,True
842595131277,C4 PERFORMANCE 16OZ POPSICLE GRAPE,Producto,REFRI C4,,BODEGA ATRIO,269,0,269,20475,842595131277,269,instock,Grape Popsicle,variation,True
842595135558,C4 PERFORMANCE 16OZ TROPICAL TUNDRA FROST,Producto,REFRI C4,,BODEGA ATRIO,74,0,74,20449,842595135558,74,instock,Tropical Tundra,variation,True
842595135541,C4 PERFORMANCE CHERRY BOMB FROST,Producto,REFRI C4,,BODEGA ATRIO,63,0,63,20446,842595135541,63,instock,Cherry Bomb Frost,variation,True
842595121766,C4 PERFORMANCE COSMIC RAINBOW,Producto,REFRI C4,,BODEGA ATRIO,79,0,79,20471,842595121766,79,instock,Cosmic Rainbow,variation,True
842595106619,C4 PERFORMANCE ENERGY 16OZ ARCTIC SNOW CONE,Producto,REFRI C4,,BODEGA ATRIO,65,0,65,20431,842595106619,65,instock,Artic Snow Cone,variation,True
842595134957,C4 PERFORMANCE ENERGY 16OZ BLUE RASPBERRY JOLLY RANCHER,Producto,REFRI C4,,BODEGA ATRIO,99,0,99,20469,842595134957,99,instock,Blue Raspberry Jolly Rancher,variation,True
842595106596,C4 PERFORMANCE ENERGY 16OZ FROZEN BOMBSICLE,Producto,REFRI C4,,BODEGA ATRIO,41,0,41,20474,842595106596,41,instock,Frozen Bombsicle,variation,True
842595134971,C4 PERFORMANCE ENERGY 16OZ GREEN APPLE JOLLY RANCHER,Producto,REFRI C4,,BODEGA ATRIO,97,0,97,20473,842595134971,97,instock,Green Apple Jolly Rancher,variation,True
842595133608,C4 PERFORMANCE ENERGY 16OZ HAWAIIAN PUNCH TROPIC JUICE,Producto,REFRI C4,,BODEGA ATRIO,70,0,70,20476,842595133608,70,instock,Hawaiian Punch,variation,True
842595111095,C4 PERFORMANCE ENERGY 16OZ MIDNIGTH CHERRY,Producto,REFRI C4,,BODEGA ATRIO,67,0,67,20477,842595111095,67,instock,Mindnight Cherry,variation,True
842595127027,C4 PERFORMANCE ENERGY 16OZ ORANGE CREAM,Producto,REFRI C4,,BODEGA ATRIO,0,0,0,12913,842595127027,0,outofstock,C4 PERFORMANCE ENERGY 16OZ ORANGE CREAM (1 UNIDAD),simple,True
842595109368,C4 PERFORMANCE ENERGY 16OZ ORANGE SLICE,Producto,REFRI C4,,BODEGA ATRIO,0,0,0,9648,842595109368,0,outofstock,C4 PERFORMANCE ENERGY 16OZ ORANGE SLICE (1 UNIDAD),simple,True
842595109832,C4 PERFORMANCE ENERGY 16OZ ORANGE STARBURST,Producto,REFRI C4,,BODEGA ATRIO,0,0,0,12914,842595109832,0,outofstock,C4 PERFORMANCE ENERGY 16OZ ORANGE STARBURST (1 UNIDAD),simple,True
842595117080,C4 PERFORMANCE ENERGY 16OZ PEACH MANGO,Producto,REFRI C4,,BODEGA ATRIO,0,0,0,12915,842595117080,0,outofstock,C4 PERFORMANCE ENERGY 12OZ PEACH MANGO (1 UNIDAD),simple,True
842595119831,C4 PERFORMANCE ENERGY 16OZ SPARLING CHERY BERRY LIME,Producto,REFRI C4,,BODEGA ATRIO,0,0,0,9445,842595119831,0,outofstock,C4 PERFORMANCE ENERGY 16OZ SPARLING CHERY BERRY LIME (1 UNIDAD),simple,True
842595121759,C4 PERFORMANCE ENERGY 16OZ STRAWBERRY BLAST,Producto,REFRI C4,,BODEGA ATRIO,90,0,90,20472,842595121759,90,instock,Strawberry Blast,variation,True
842595106572,C4 PERFORMANCE ENERGY 16OZ STRAWBERY WATTERMELON ICE,Producto,REFRI C4,,BODEGA ATRIO,78,0,78,20466,842595106572,78,instock,Strawberry Watermelon Ice,variation,True
842595134964,C4 PERFORMANCE ENERGY 16OZ WATERMELON JOLLY RANCHER,Producto,REFRI C4,,BODEGA ATRIO,97,0,97,20478,842595134964,97,instock,Watermelon Jolly Rancher,variation,True
842595111071,C4 PERFORMANCE16OZ CHERRYLIMEADE,Producto,REFRI C4,,BODEGA ATRIO,111,0,111,20465,842595111071,111,instock,Limeade Cherry Bomb,variation,True
842595105063,C4 RIPPED ICY BLUE RAZZ 30 SERV (PRE-WORK) CELLUCOR,Producto,CELLUCOR,,BODEGA ATRIO,0,0,0,8559,842595105063,0,outofstock,C4 RIPPED ICY BLUE RAZZ 30 SERV (PRE-WORK) CELLUCOR,simple,True
842595114980,C4 RIPPED RASPBERRY LEMONADE 30 SERV (PRE-WORK) CELLUCOR,Producto,CELLUCOR,,BODEGA ATRIO,0,0,0,11833,842595114980,0,outofstock,C4 RIPPED RASPBERRY LEMONADE 30 SERV (PRE-WORK) CELLUCOR,simple,True
842595105049,C4 RIPPED TROPICAL PUNCH 30 SERV (PRE-WORK) CELLUCOR,Producto,CELLUCOR,,BODEGA ATRIO,0,0,0,11059,842595105049,0,outofstock,C4 RIPPED TROPICAL PUNCH 30 SERV (PRE-WORK) CELLUCOR,simple,True
810121051290,CARNIGEN PREMIUN LIQUID RAINBON CANDY-EVOGEN,Producto,EVOGEN,,BODEGA ATRIO,28,0,28,19357,810121051290,28,instock,Rainbow Candy,variation,True
810121055908,CARNIGEN PREMIUN LIQUID VICTORY PUNCH-EVOGEN,Producto,EVOGEN,,BODEGA ATRIO,19,0,19,19355,810121055908,19,instock,Victory Punch,variation,True
810121051306,CARNIGEN REMIUN LIQUID SOUR GUMMIES-EVOGEN,Producto,EVOGEN,,BODEGA ATRIO,36,0,36,19356,810121051306,36,instock,Sour Gummies,variation,True
829263210137,CATEGORY 5 - CREATINA POWDER STIM FREE PREWORKOUT - MUSCLEOLOGY,Producto,MUSCLEOLOGY,,BODEGA ATRIO,34,0,34,11149,829263210137,34,instock,"Creatina Sin Estimulantes - Categoría 5 - Muscleology – Sabor StrawBurst - Fuerza, Resistencia y Rendimiento Óptimo",simple,True
850049150392,CBUM ITOLATE PROTEIN 2 LBS STRAWERRY BUN CAKE,Producto,RAW,,BODEGA ATRIO,4,0,4,19034,850049150392,4,instock,Strawberry Bun Cake,variation,True
860007286902,CBUM PROTEINA ISOLATADA 2 LBS VAINILLA OATMEAL COOKIES,Producto,RAW,,BODEGA ATRIO,12,0,12,19031,860007286902,12,instock,Vanilla Oatmeal Cookies,variation,True
850039445798,CBUM PROTEINA 2 LBS ITOLATE BIRTHAY CAKE,Producto,RAW,,BODEGA ATRIO,16,0,16,19032,850039445798,16,instock,Birthday Cake,variation,True
850039445491,CBUM-ITHOLATE-MINT CHIP ICE CREAM-PB - 2LB (ISOLATADA),Producto,RAW,,BODEGA ATRIO,0,0,0,11806,850039445491,0,outofstock,Proteína Isolatada - Raw - Mint Chip Ice Cream PB - 2 lb - Proteína Isolada para Recuperación Muscular,simple,True
850049150286,CBUM-ITHOLATE-PROTEIN-FROSTED FRENCHIE COOKIES - 2LB (ISOLATADA),Producto,RAW,,BODEGA ATRIO,0,0,0,11805,850049150286,0,outofstock,Proteina Isolatada - Frosted Frenchie Cookies - 2 lb - Proteína Isolada para Recuperación Muscular,simple,True
850057175615,CBUM-ITHOLATE-PROTEIN-MILK AND COOKIES- 2LB (ISOLATADA),Producto,RAW,,BODEGA ATRIO,0,0,0,11807,850057175615,0,outofstock,CBUM-ITHOLATE-PROTEIN-MILK AND COOKIES- 2LB (ISOLATADA),simple,True
850057175356,CBUM-ITHOLATE-PROTEIN-VANILLA-OA TMEAL COOKIE - 5LB (ISOLATADA),Producto,RAW,,BODEGA ATRIO,4,0,4,19023,850057175356,4,instock,Oatmeal Cookie,variation,True
850049150163,CBUM-THAVAGE - PRE-BLACKBERRY - LEMONADE,Producto,RAW,,BODEGA ATRIO,0,0,0,9563,850049150163,0,outofstock,CBUM Thavage Pre-Entreno - Blackberry Lemonade - Energía y Enfoque Mental para el Entrenamiento,simple,True
850039445156,CBUM-THAVAGE - PRE-GREEN - CRUSH,Producto,RAW,,BODEGA ATRIO,0,0,0,9564,850039445156,0,outofstock,CBUM Thavage Pre-Entreno - Green Crush - Energía y Rendimiento para el Entrenamiento,simple,True
850049150156,CBUM-THAVAGE - PRE-ROCKET - CANDY,Producto,RAW,,BODEGA ATRIO,3,0,3,9562,850049150156,3,instock,CBUM Thavage Pre-Entreno - Rocket Candy - Pre-Entreno para Energía y Rendimiento,simple,True
850039445958,CBUM-THAVAGE- PRE-6PEAT,Producto,RAW,,BODEGA ATRIO,0,0,0,9579,850039445958,0,outofstock,CBUM Thavage Pre-Entreno - 6Peat - Energía y Resistencia para el Entrenamiento,simple,True
810121058015,CELL K.E.M PEACH RING,Producto,EVOGEN,,BODEGA ATRIO,6,0,6,19432,810121058015,6,instock,Peach Rings,variation,True
7503029523005,CELL K.E.M PR V.2 TROPIC THUNDER -EVOGEN,Producto,EVOGEN,,BODEGA ATRIO,17,0,17,19431,7503029523005,17,instock,Tropic Thunder,variation,True
810014673165,CHROMIO PICOLINATE 10000 MG 240 CAPSULAS,Producto,NUTRICOST,,BODEGA ATRIO,4,0,4,13372,810014673165,4,instock,Picolinato de Cromo 1000 mg - Primaforce - 240 Cápsulas - Control de Azúcar en Sangre y Apoyo Metabólico,simple,True
612590416057,CLA -2000 120 CAPSULAS- LANDERFIT,Producto,LANDERFIT,,BODEGA ATRIO,23,0,23,9190,612590416057,23,instock,CLA 2000 - Landerfit - 120 Cápsulas - Apoyo para Reducción de Grasa Corporal,simple,True
829263228132,CLA HEALTHY WEIGHT MANAGEMENT MUSCLEOLOGY,Producto,MUSCLEOLOGY,,BODEGA ATRIO,0,0,0,11191,829263228132,0,outofstock,CLA HEALTHY WEIGHT MANAGEMENT MUSCLEOLOGY,simple,True
817189024242,COLAGENO + ELECTROLITOS SIN SABOR 30 SERV. EVOGEN,Producto,EVOGEN,,BODEGA ATRIO,0,0,0,11854,817189024242,0,outofstock,Colágeno Hidratación Intensiva - Evogen - Sin Sabor - Suplemento para Salud de Piel y Articulaciones,simple,True
703556204808,COLAGENO DR. JOINT PROFESSIONAL JOINT SUPPORT TUTTI FRUTTI 52 SERV. IMPULSE,Producto,IMPULSE SUPLEMENT,,BODEGA ATRIO,68,0,68,128,703556204808,68,instock,"Colágeno para Articulaciones Doctor Joint - Impulse - Sabor Tutti Frutti - 52 Serv - Alivia artritis, fortalece tendones y huesos",simple,True
850030689603,COLAGENO UNFLAVORED REVIVE,Producto,REVIVE,,BODEGA ATRIO,0,0,0,11256,850030689603,0,outofstock,Collagen Unflavored revive,simple,True
612590415883,COLAGENO-HIDROLIZADO + VITAMINA C + ÃCIDO HIALURONICO â SABOR NARANJA â 30 SERV â LANDERFIT,Producto,LANDERFIT,,BODEGA ATRIO,114,0,114,14414,612590415883,114,instock,"Colágeno Hidrolizado - LanderFit – Sabor Naranja – 30 Serv – Salud de la Piel, Cabello y Articulaciones",simple,True
829263000189,COLLAGENO ENERGIZADO PEPTIDES AMPD BERRY - MUSCLEOLOGY,Producto,MUSCLEOLOGY,,BODEGA ATRIO,3,0,3,11165,829263000189,3,instock,Colageno AMP’D - Muscleology - Sabor Berry Rita Burst - 30 srv - Colágeno Hidrolizado con Ácido Hialurónico,simple,True
810014671659,COQ10 60 CAPSULAS,Producto,NUTRICOST,,BODEGA ATRIO,2,0,2,13373,810014671659,2,instock,CoQ10 100 mg - Nutricost - 60 Cápsulas - Salud Cardiovascular y Energía Celular,simple,True
703556204785,CORESHIELD -XR MULTIVITAMINAS,Producto,IMPULSE SUPLEMENT,,BODEGA ATRIO,62,0,62,14415,703556204785,62,instock,CoreShield XR - Multivitaminas - Apoyo Integral para Salud General y Energía,simple,True
810390025824,CREATINA 72SERV. CELLUCOR,Producto,CELLUCOR,,BODEGA ATRIO,0,0,0,11849,810390025824,0,outofstock,Creatina Monohidratada - Cellucor - 72 Serv - Aumenta Fuerza y Rendimiento,simple,True
811445021105,CREATINA MICRONIZADA MOHIDRATADA EN CAPSULAS 240 CAPSULAS,Producto,NUTRICOST,,BODEGA ATRIO,1,0,1,13374,811445021105,1,instock,Creatina Micronizada Monohidratada - Nutricost - 240 Cápsulas - Aumento de Fuerza y Rendimiento Muscular,simple,True
817189029032,CREATINA MICRONIZADA MONOHIDRATADA 60SERV. EVOGEN,Producto,EVOGEN,,BODEGA ATRIO,98,0,98,11853,817189029032,98,instock,Creatina Micronizada Monohidratada - Evogen - 60 Serv - Suplemento para Fuerza y Rendimiento,simple,True
850044753161,CREATINA MONOHIDRATADA 60 SERV PRIMEVAL,Producto,PRIMEVAL LABS,,BODEGA ATRIO,0,0,0,12921,850044753161,0,outofstock,Primeval Labs Creatina Monohidratada - 60 Serv - Aumento de Fuerza y Rendimiento Deportivo,simple,True
853237000745,CREATINA MONOHIDRATADA DRIVE 300G NUTREX,Producto,NUTREX,,BODEGA ATRIO,2022,0,2022,268,853237000745,2022,instock,Creatina Monohidratada 60 serv - Nutrex - Aumento de Fuerza y Rendimiento Muscular,simple,True
850026029925,CREATINA MONOHIDRATE 200 SERVING NUTREX,Producto,NUTREX,,BODEGA ATRIO,404,0,404,13114,850026029925,404,instock,Creatina Monohidratada - Nutrex - 200 Serv - Aumento de Fuerza y Rendimiento Muscular,simple,True
631656708172,CREATINA MUSCLETECH CELL TECH CREACTOR 120 SERVINGS UNFLAVORED,Producto,MUSCLETECH,,BODEGA ATRIO,0,0,0,8631,631656708172,0,outofstock,CREATINA MUSCLETECH CELL TECH CREACTOR 120 SERVINGS UNFLAVORED,simple,True
631656610444,CREATINA MUSCLETECH CELL TECH CREACTOR 50 CAPSULA SERVINGS UNFLAVORED,Producto,MUSCLETECH,,BODEGA ATRIO,0,0,0,11829,631656610444,0,outofstock,CREATINA MUSCLETECH CELL TECH CREACTOR 50 CAPSULA SERVINGS UNFLAVORED,simple,True
748927023848,CREATINA ON POWDER MICRONISADA,Producto,OPTIMUM NUTRITION,,BODEGA ATRIO,391,0,391,11830,748927023848,391,instock,Creatina Micronizada en Polvo - Optimum Nutrition  - Aumento de Fuerza y Rendimiento Deportivo,simple,True
703556204938,CREATINA STIM PRO 52 SERV. ORANGE IMPULSE,Producto,IMPULSE SUPLEMENT,,BODEGA ATRIO,19,0,19,18892,703556204938,19,instock,Naranja,variation,True
608631655431,CREATINA STIM PRO WATERMELON IMPULSE,Producto,IMPULSE SUPLEMENT,,BODEGA ATRIO,42,0,42,18891,608631655431,42,instock,Watermelon,variation,True
608631655424,CREATINA STIM PRO52 SERV. FRUIT PUNCH IMPULSE,Producto,IMPULSE SUPLEMENT,,BODEGA ATRIO,56,0,56,18893,608631655424,56,instock,Fruit Punch,variation,True
7500634000528,CREATINAMONOHIDRATADA 72 SERVING,Producto,FORZAGEN,,BODEGA ATRIO,59,0,59,13154,7500634000528,59,instock,Creatina Monohidratada - Forzagen - 72 Srv - Suplemento para Fuerza y Rendimiento,simple,True
745560722015,"CREATINE SUPER ATP, 80 SERVS). 400G (UNFLAVORED) (CREATINA)",Producto,IMPULSE SUPLEMENT,,BODEGA ATRIO,42,0,42,108,745560722015,42,instock,Creatina Super ATP - Impulse - 80 Srv - Creatina Sin Sabor para Fuerza y Rendimiento,simple,True
713325974009,DHEA 180 CAPSULAS,Producto,NUTRICOST,,BODEGA ATRIO,12,0,12,13375,713325974009,12,instock,DHEA 100mg - Nutricost - 180 Cápsulas - Equilibrio Hormonal y Vitalidad,simple,True
612590416040,DHEA 50 MG 90 CAPSULAS- LANDERFIT,Producto,LANDERFIT,,BODEGA ATRIO,1,0,1,14416,612590416040,1,instock,DHEA 50 mg – LanderFit – 90 cápsulas – Apoyo Hormonal y Energía Natural,simple,True
799142775432,DIURETICO 40 CAPSULAS LANDERFIT,Producto,LANDERFIT,,BODEGA ATRIO,15,0,15,9215,799142775432,15,instock,Diurético – LanderFit – 40 cápsulas – Eliminación de Líquidos y Reducción de Hinchazón,simple,True
829263600013,DPX CUTS ADVANCED DIURETIC MUSCLEOLOGY,Producto,MUSCLEOLOGY,,BODEGA ATRIO,1,0,1,11828,829263600013,1,instock,DPX Diurético Avanzado - Muscleology - Reducción de Retención de Líquidos y Definición Muscular,simple,True
829263227135,DTOX KIDNEY DETOXIFIER MUSCLEOLOGY,Producto,MUSCLEOLOGY,,BODEGA ATRIO,31,0,31,11154,829263227135,31,instock,Dtox Desintoxicante Renal – Muscleology – 90 Cápsulas – Apoyo natural para hígado y riñones,simple,True
829263895006,E-CINERATOR EXTREME FAT LOSS MUSCLEOLOGY,Producto,MUSCLEOLOGY,,BODEGA ATRIO,1,0,1,11827,829263895006,1,instock,E-Cinerator Pérdida Extrema de Grasa - Muscleology - 60 Cápsulas - Quema de Grasa y Energía Metabólica,simple,True
850049150842,ESSENTIAL - CITRUS - GRAPE - FRUIT,Producto,RAW,,BODEGA ATRIO,0,0,0,11844,850049150842,0,outofstock,ESSENTIAL - CITRUS - GRAPE - FRUIT,simple,True
850049150262,ESSENTIAL-BURNER (QUEMADOR DE GRASA),Producto,RAW,,BODEGA ATRIO,6,0,6,8901,850049150262,6,instock,Essential Burner - RAW - Acelerador del Metabolismo y Reducción de Peso,simple,True
817189022743,EVOFUSION CHOCOLATE SHAKE 4.6 LBS EVOGEN,Producto,EVOGEN,,BODEGA ATRIO,6,0,6,19245,817189022743,6,instock,Chocolate Shake,variation,True
810121053737,EVOFUSION COOKIES AND CREAM 4.6 LBS EVOGEN,Producto,EVOGEN,,BODEGA ATRIO,0,0,0,19244,810121053737,0,outofstock,Cookies and Cream,variation,True
817189022750,EVOFUSION VANILLA BEAN ICE CREAM 4.6 LBS EVOGEN,Producto,EVOGEN,,BODEGA ATRIO,3,0,3,19243,817189022750,3,instock,Vainilla Bean Ice Cream,variation,True
817189024594,EVP -AQ PREMIUN LIQUIDO MUSCLE VOLUMIZER UN FLAVORED,Producto,EVOGEN,,BODEGA ATRIO,0,0,0,19367,817189024594,0,outofstock,Sin Sabor,variation,True
810121058954,EVP 3D BLACK LEMONADE-EVOGEN,Producto,EVOGEN,,BODEGA ATRIO,9,0,9,19306,810121058954,9,instock,Blackberry Lemonade,variation,True
817189028257,EVP 3D BLUEBERRY APPLE-EVOGEN,Producto,EVOGEN,,BODEGA ATRIO,9,0,9,19315,817189028257,9,instock,Blueberry Apple,variation,True
810121057971,EVP 3D CITRUS CANDY- EVOGEN,Producto,EVOGEN,,BODEGA ATRIO,10,0,10,19308,810121057971,10,instock,Citrus Candy,variation,True
810121050798,EVP 3D ICED MOCHA COFFE-EVOGEN,Producto,EVOGEN,,BODEGA ATRIO,8,0,8,19314,810121050798,8,instock,Iced Mocha Coffee,variation,True
8101210579694,EVP 3D JUCY GRAPPE EVOGEN,Producto,EVOGEN,,BODEGA ATRIO,8,0,8,19305,8101210579694,8,instock,Juicy Grape,variation,True
810121058701,EVP 3D PATRIOT POP- EVOGEN,Producto,EVOGEN,,BODEGA ATRIO,10,0,10,19307,810121058701,10,instock,Patriot Pop,variation,True
817189024617,EVP 3D PEACH RINGS-EVOGEN,Producto,EVOGEN,,BODEGA ATRIO,6,0,6,19312,817189024617,6,instock,Peach Rings,variation,True
810121053980,EVP 3D POLAR CHRRY FROST- EVOGEN,Producto,EVOGEN,,BODEGA ATRIO,10,0,10,19309,810121053980,10,instock,Polar Cherry Frost,variation,True
817189029100,EVP 3D SMASHIN PASSION ORANGE-EVOGEN,Producto,EVOGEN,,BODEGA ATRIO,9,0,9,19313,817189029100,9,instock,Smashin Passion Orange,variation,True
817189027762,EVP 3D SOUR CANDY- EVOGEN,Producto,EVOGEN,,BODEGA ATRIO,11,0,11,19317,817189027762,11,instock,Sour Candy,variation,True
817189025386,EVP 3D SOUR WATERMELON- EVOGEN,Producto,EVOGEN,,BODEGA ATRIO,6,0,6,19316,817189025386,6,instock,Sour Watermelon,variation,True
810121053560,EVP 3D STRAWBERRY LEMONADE-EVOGEN,Producto,EVOGEN,,BODEGA ATRIO,8,0,8,19311,810121053560,8,instock,Strawberry Lemonade,variation,True
810121053997,EVP 3D VICTORY PUNCH- EVOGEN,Producto,EVOGEN,,BODEGA ATRIO,5,0,5,19310,810121053997,5,instock,Victory Punch,variation,True
810121054000,EVP EXTREME N.O. VICTORY PUNCH-EVOGEN,Producto,EVOGEN,,BODEGA ATRIO,6,0,6,19407,810121054000,6,instock,Victory Punch,variation,True
810121058961,EVP XTREME BLACK BERRY LEMONADA,Producto,EVOGEN,,BODEGA ATRIO,12,0,12,19404,810121058961,12,instock,Sabor Blackberry Lemonade,variation,True
810121054390,EVP XTREME BLUE RASPBERRY EVOGEN,Producto,EVOGEN,,BODEGA ATRIO,1,0,1,19346,810121054390,1,instock,Blue Raspberry,variation,True
810121057254,EVP XTREME N.O CITRUS CANDY-EVOGEN,Producto,EVOGEN,,BODEGA ATRIO,4,0,4,19405,810121057254,4,instock,Citrus Candy,variation,True
817189028240,EVP XTREME N.O. BLUEBERRY APPLE-EVOGEN,Producto,EVOGEN,,BODEGA ATRIO,4,0,4,19412,817189028240,4,instock,Blueberry Apple,variation,True
810121057940,EVP XTREME N.O. JUCY GRAPPE-EVOGEN,Producto,EVOGEN,,BODEGA ATRIO,4,0,4,19406,810121057940,4,instock,Juicy Grape,variation,True
810121053812,EVP XTREME N.O. POLAR CHERRY FROST-EVOGEN,Producto,EVOGEN,,BODEGA ATRIO,8,0,8,19409,810121053812,8,instock,Polar Cherry Frost,variation,True
810121053553,EVP XTREME N.O. STRAWERRY LEMONADE-EVOGEN,Producto,EVOGEN,,BODEGA ATRIO,4,0,4,19411,810121053553,4,instock,Strawberry Lemonade,variation,True
817189025270,EVP XTREME N.O.TROPIC THUNDER- EVOGEN,Producto,EVOGEN,,BODEGA ATRIO,8,0,8,19415,817189025270,8,instock,Tropic Thunder,variation,True
810121058695,EVP XTREME PATRIOT POP,Producto,EVOGEN,,BODEGA ATRIO,3,0,3,19416,810121058695,3,instock,Patriot Pop,variation,True
810121053966,EVP XTREME PEACH RINGS,Producto,EVOGEN,,BODEGA ATRIO,3,0,3,19408,810121053966,3,instock,Peach Rings,variation,True
817189029117,EVP XTREME SMASHIN PASSION ORANGE,Producto,EVOGEN,,BODEGA ATRIO,8,0,8,19410,817189029117,8,instock,Smashin Passion Orange,variation,True
810121055274,EVP XTREME VICTORY PUNCH EVOGEN,Producto,EVOGEN,,BODEGA ATRIO,3,0,3,19345,810121055274,3,instock,Victory Punch,variation,True
817189028530,EVP XTREMEN.O. SOUR CANDY-EVOGEN,Producto,EVOGEN,,BODEGA ATRIO,3,0,3,19413,817189028530,3,instock,Sour Candy,variation,True
810121055311,EVP- AQ PREMIUN LIQUID MUSCLE VOLUMIZER VICTIORY PUNCH,Producto,EVOGEN,,BODEGA ATRIO,0,0,0,19365,810121055311,0,outofstock,Victory Punch,variation,True
817189024600,EVP-3D TROPIC THUNDER-EVOGEN,Producto,EVOGEN,,BODEGA ATRIO,7,0,7,19318,817189024600,7,instock,Tropic Thunder,variation,True
810121055328,EVP-AQ TROPIC THUNDER- EVOGEN,Producto,EVOGEN,,BODEGA ATRIO,5,0,5,19366,810121055328,5,instock,Tropic Thunder,variation,True
817189024587,EVPXTREME SOUR WATERMELON,Producto,EVOGEN,,BODEGA ATRIO,5,0,5,19414,817189024587,5,instock,Sour Watermelon,variation,True
612590415852,GLUCOSAMINA 120 CAPSULAS- LANDERFIT,Producto,LANDERFIT,,BODEGA ATRIO,42,0,42,14421,612590415852,42,instock,Glucosamina – LanderFit – 120 cápsulas – Salud Articular y Movilidad,simple,True
745560722022,"GLUTA MAX GLUTAMINA MICRONISADA, 80 SERV. 400G (UNFLAVORED) IMPULSE",Producto,IMPULSE SUPLEMENT,,BODEGA ATRIO,18,0,18,109,745560722022,18,instock,Gluta Max - Impulse - 80 Serv - Glutamina Micronizada Sin Sabor para Recuperación,simple,True
850030689313,GLUTAMINE REVIVE,Producto,REVIVE,,BODEGA ATRIO,0,0,0,11261,850030689313,0,outofstock,Glutamine revive,simple,True
810121053232,GLYCOJECT DE 2LB STRAWBERRY LEMONADE EVOGEN,Producto,EVOGEN,,BODEGA ATRIO,7,0,7,19293,810121053232,7,instock,Limonada de Fresa,variation,True
817189020206,GLYCOJECT DE 2LB WILD BERRY EVOGEN,Producto,EVOGEN,,BODEGA ATRIO,8,0,8,19294,817189020206,8,instock,Wild Berry,variation,True
7503029523006,GLYCOJET CHERRY- EVOGEN,Producto,EVOGEN,,BODEGA ATRIO,11,0,11,19290,7503029523006,11,instock,Cereza,variation,True
817189020190,GLYCOJET UN FLAVORED,Producto,EVOGEN,,BODEGA ATRIO,9,0,9,19292,817189020190,9,instock,Sin Sabor,variation,True
817189020176,GLYCOJET WATERMELON,Producto,EVOGEN,,BODEGA ATRIO,8,0,8,19291,817189020176,8,instock,Sandía,variation,True
748927060140,GOLD STANDAR WHEY DOBLE RICH 1.47 LBS 22 SERVING,Producto,OPTIMUM NUTRITION,,BODEGA ATRIO,5,0,5,19828,748927060140,5,instock,Doble Rich Chocolate,variation,True
748927060133,GOLD STANDAR WHEY VAINILLA ICE CREAM 1.5 LBS 22 SERVING,Producto,OPTIMUM NUTRITION,,BODEGA ATRIO,8,0,8,19827,748927060133,8,instock,Vainilla Ice Cream,variation,True
748927028706,GOLD STANDAR WHEY VAINILLA ICE CREAM 5 LBS,Producto,OPTIMUM NUTRITION,,BODEGA ATRIO,54,0,54,19838,748927028706,54,instock,Vanilla Ice Cream,variation,True
748927028652,GOLD STANDAR WHEY VAINILLA ICE CREAN 1.98 LBS,Producto,OPTIMUM NUTRITION,,BODEGA ATRIO,31,0,31,19819,748927028652,31,instock,Vainilla Ice Cream,variation,True
748927028614,GOLD STANDARD WEY DOBLE RICH CHOCOLATE 2 LB,Producto,OPTIMUM NUTRITION,,BODEGA ATRIO,46,0,46,19818,748927028614,46,instock,Doble Rich Chocolate,variation,True
748927028669,GOLD STANDARD WEY DOUBLE RICH CHOCOLATE 5 LBS,Producto,OPTIMUM NUTRITION,,BODEGA ATRIO,405,0,405,19837,748927028669,405,instock,Doble Rich Chocolate,variation,True
748927024128,GOLD STANDARD WEY FRENCH VAINILLA CREME 5 LBS,Producto,OPTIMUM NUTRITION,,BODEGA ATRIO,0,0,0,296,748927024128,0,outofstock,ON 100% Whey Gold French Van Creme 5lb 73serv (4/cs),simple,True
810121055298,HIDRATACION LEMON LIME,Producto,EVOGEN,,BODEGA ATRIO,17,0,17,19281,810121055298,17,instock,Lemon Lime,variation,True
810121057261,HIDRATACION PEACH TEA,Producto,EVOGEN,,BODEGA ATRIO,15,0,15,19278,810121057261,15,instock,Peach Tea,variation,True
810121057018,HIDRATACION TANGERINE 30M SERVING,Producto,EVOGEN,,BODEGA ATRIO,15,0,15,19280,810121057018,15,instock,Tangerine,variation,True
810121057001,HIDRATACION WATERMELON,Producto,EVOGEN,,BODEGA ATRIO,11,0,11,19279,810121057001,11,instock,Watermelon,variation,True
799142775449,HORMONAL BALANCE 90 CAPSULAS- LANDERFIT,Producto,LANDERFIT,,BODEGA ATRIO,55,0,55,14422,799142775449,55,instock,Hormonal Balance – LanderFit – 90 cápsulas – Equilibrio Hormonal y Bienestar Femenino,simple,True
612590415920,HYDROLYZED COLLAGEN 180 CAPSULAS- LANDERFIT,Producto,LANDERFIT,,BODEGA ATRIO,0,0,0,9210,612590415920,0,outofstock,"Colágeno Hidrolizado - 180 Cápsulas - Suplemento para Piel, Articulaciones y Fortalecimiento",simple,True
850057175363,INT-CBUM-ITHOLATE- CINNAMON CRUNCH - 5LB (ISOLATADA),Producto,RAW,,BODEGA ATRIO,1,0,1,19022,850057175363,1,instock,Cinnamon Crunch,variation,True
850049150439,INT-CBUM-ITHOLATE-CHOCO-FL - 5LB (ISOLATADA),Producto,RAW,,BODEGA ATRIO,0,0,0,8852,850049150439,0,outofstock,Proteina Isolatada - Raw - Chocolate Flavor - 5 lb - Proteína Aislada para Recuperación Muscular y Aumento de Masa,simple,True
850049150453,INT-CBUM-ITHOLATE-CNC-FL - 5LB (ISOLATADA),Producto,RAW,,BODEGA ATRIO,1,0,1,8871,850049150453,1,instock,Proteína Isolatada - Raw - Cookies and Cream - 5 lb - Proteína Aislada para Recuperación Muscular y Aumento de Masa,simple,True
850049150446,INT-CBUM-ITHOLATE-VANILLA-FL - 5LB (ISOLATADA),Producto,RAW,,BODEGA ATRIO,1,0,1,19024,850049150446,1,instock,Vainilla,variation,True
850049150651,INT-WHEY-BLEND-COOKIES-CREAM-F L - 5LB (PROTEINA BLEND),Producto,RAW,,BODEGA ATRIO,4,0,4,19123,850049150651,4,instock,Cookies Cream FL,variation,True
850049150477,INT-WHEY-BLEND-VANILLA-FL - 5LB (PROTEINA BLEND),Producto,RAW,,BODEGA ATRIO,1,0,1,8926,850049150477,1,instock,Proteína Whey  Blend  - Vanilla - 5 lb - Recuperación Muscular,simple,True
705016600342,ISO 100 20 SERV FUDGE BROWNIE 3CT (NEW),Producto,DYMATIZE,,BODEGA ATRIO,0,0,0,8627,705016600342,0,outofstock,ISO 100 20 SERV Fudge Brownie 3ct (NEW),simple,True
705016500420,ISO 100 BIRTHDAY CAKE 5 LBS DYMATIZE,Producto,DYMATIZE,,BODEGA ATRIO,16,0,16,19191,705016500420,16,instock,Birthday Cake,variation,True
705016600366,ISO 100 BIRTHDAY CAKE PEBBLES 1.34 LBS DYMATIZE,Producto,DYMATIZE,,BODEGA ATRIO,3,0,3,19210,705016600366,3,instock,Birthday Cake Pebbles,variation,True
705016600335,ISO 100 CHOCOLATE PEANUT BUTTER 1.34 LBS DYMATIZE,Producto,DYMATIZE,,BODEGA ATRIO,0,0,0,8626,705016600335,0,outofstock,ISO 100 20 SERV Chocolate Peanut Butter 3ct (NEW),simple,True
705016601141,ISO 100 CINAMON CHURRO 5 LBS DYMATIZE,Producto,DYMATIZE,,BODEGA ATRIO,0,0,0,19187,705016601141,0,outofstock,Cinnamon Churro,variation,True
705016356201,ISO 100 COCOA PEBBLES 1.34 LBS DYMATIZE,Producto,DYMATIZE,,BODEGA ATRIO,0,0,0,19209,705016356201,0,outofstock,Cocoa Pebbles,variation,True
705016353422,ISO 100 COCOA PEBBLES 3 LBS DYMATIZE,Producto,DYMATIZE,,BODEGA ATRIO,11,0,11,19229,705016353422,11,instock,Cocoa Pebbles,variation,True
705016353446,ISO 100 COCOA PEBBLES 5 LBS DYMATIZE,Producto,DYMATIZE,,BODEGA ATRIO,5,0,5,19188,705016353446,5,instock,Cocoa Pebbles,variation,True
705016600359,"ISO 100 COOKIES AND CREAM 1,34 LBS DYMATIZE",Producto,DYMATIZE,,BODEGA ATRIO,0,0,0,19207,705016600359,0,outofstock,Cookies and Cream,variation,True
705016353200,ISO 100 COOKIES AND CREAM 5 LBS DYMATIZE,Producto,DYMATIZE,,BODEGA ATRIO,0,0,0,19189,705016353200,0,outofstock,Cookies and Cream,variation,True
75016600694,ISO 100 DUNKIN GLAZED DONUT1.34 LBS DYMATIZE,Producto,DYMATIZE,,BODEGA ATRIO,2,0,2,19206,75016600694,2,instock,Dunkin Glazed Donut,variation,True
705016600205,ISO 100 DUNKIN MOCHA LATTE 1.34 LBS DYMATIZE,Producto,DYMATIZE,,BODEGA ATRIO,0,0,0,14418,705016600205,0,outofstock,Proteína ISO100 - Dymatize - Sabor Dunkin Mocha Latte - 1.34 LBS - Suplemento para Ganancia Muscular,simple,True
705016353415,ISO 100 FRUTY PEBBLES 3 LBS DYMATIZE,Producto,DYMATIZE,,BODEGA ATRIO,15,0,15,19228,705016353415,15,instock,Fruity Pebbles,variation,True
705016353439,ISO 100 FRUTY PEBLLES 5 LBS DYMATIZE,Producto,DYMATIZE,,BODEGA ATRIO,13,0,13,19190,705016353439,13,instock,Fruity Pebbles,variation,True
705016353231,ISO 100 FUDGE BROWNIE 3 LIBRAS DYMATIZE,Producto,DYMATIZE,,BODEGA ATRIO,10,0,10,19227,705016353231,10,instock,Fudge Brownie,variation,True
705016500406,ISO 100 FUGGE BROWNIE 5 LBS DYMATIZE,Producto,DYMATIZE,,BODEGA ATRIO,0,0,0,19185,705016500406,0,outofstock,Fudge Brownie,variation,True
705016357208,ISO 100 GOURMET CHOCOLATE 1.34 LBS DYMATIZE,Producto,DYMATIZE,,BODEGA ATRIO,0,0,0,19211,705016357208,0,outofstock,Gourmet Chocolate,variation,True
705016353132,ISO 100 GURMET CHOCOLATE 3 LBS DYMATIZE,Producto,DYMATIZE,,BODEGA ATRIO,0,0,0,11113,705016353132,0,outofstock,PROTEINA ISO 100 GURMET CHOCOLATE 3 LBS DYMATIZE,simple,True
705016353170,ISO 100 STRAWERRY 5 LBS DYMATIZE,Producto,DYMATIZE,,BODEGA ATRIO,0,0,0,19186,705016353170,0,outofstock,Strawberry,variation,True
705016358205,ISO 100 VAINILLA 20 SERV. 1.34 LBS DYMATIZE,Producto,DYMATIZE,,BODEGA ATRIO,213,0,213,20388,705016358205,213,instock,Vainilla,variation,True
705016353156,ISO 100 VAINILLA 3 LBS DYMATIZE,Producto,DYMATIZE,,BODEGA ATRIO,0,0,0,11112,705016353156,0,outofstock,Proteína ISO 100 - Dymatize - Gourmet Vainilla - 3 LBS - Isolatada e Hidrolizada para Recuperacion Muscular,simple,True
705016353217,ISO 100 VAINILLA 5 LBS DYMATIZE,Producto,DYMATIZE,,BODEGA ATRIO,119,0,119,20385,705016353217,119,instock,Vainilla,variation,True
705016599141,ISO 100 WHEY ELITE CHOCOLATE RICH 2 LB DYMATIZE,Producto,DYMATIZE,,BODEGA ATRIO,0,0,0,8609,705016599141,0,outofstock,PROTEINA ELITE WHEY RICH CHOCOLATE 2 LB DYMATIZE,simple,True
853237000837,ISOFIT 30 SERVING STRAWERRY NUTREX,Producto,NUTREX,,BODEGA ATRIO,15,0,15,19779,853237000837,15,instock,Sabor Strawberry,variation,True
859400007344,ISOFIT BANANAS FOSTER 30SRV NUTREX,Producto,NUTREX,,BODEGA ATRIO,0,0,0,9536,859400007344,0,outofstock,PROTEINA ISOFIT BANANAS FOSTER 30SRV NUTREX,simple,True
859400007580,ISOFIT CHOCOLATE SHAKE 70 SERV 5 LBS NUTREX,Producto,NUTREX,,BODEGA ATRIO,2,0,2,19793,859400007580,2,instock,Chocolate Shake,variation,True
853237000769,ISOFIT COOKIES AND CREAM 70SRV 5 LBS NUTREX,Producto,NUTREX,,BODEGA ATRIO,4,0,4,19792,853237000769,4,instock,Cookies and Cream,variation,True
859400007559,ISOFIT VAINILLA ICE CREAM 2 LBS. NUTREX,Producto,NUTREX,,BODEGA ATRIO,25,0,25,19782,859400007559,25,instock,Vanilla Ice Cream,variation,True
859400007566,ISOFIT VANILLA BEAN 70SRV 5LBS NUTREX,Producto,NUTREX,,BODEGA ATRIO,0,0,0,19791,859400007566,0,outofstock,Vanilla Bean,variation,True
810121056899,ISOJECT BIRTHDAY CAKE 1.71 LBS ISOJET EVOGEN,Producto,EVOGEN,,BODEGA ATRIO,6,0,6,19747,810121056899,6,instock,Birthday Cake,variation,True
810121056660,ISOJECT CHOCOLATE - 25 SRV EVOGEN,Producto,EVOGEN,,BODEGA ATRIO,3,0,3,19749,810121056660,3,instock,Chocolate,variation,True
817189020237,ISOJECT CHOCOLATE PEANUT BUTTER 1.97 LBS EVOGEN,Producto,EVOGEN,,BODEGA ATRIO,8,0,8,19751,817189020237,8,instock,Chocolate Peanut Butter,variation,True
810121056417,ISOJECT CHOCOLATE PEANUTBUTTER BANANA 1.76 LBS ISOJET EVOGEN,Producto,EVOGEN,,BODEGA ATRIO,5,0,5,19750,810121056417,5,instock,Chocolate Peanut Butter Banana,variation,True
810121056714,ISOJECT CHURRO 1.71 LBS ISOJET EVOGEN,Producto,EVOGEN,,BODEGA ATRIO,2,0,2,19755,810121056714,2,instock,Churro,variation,True
817189029087,ISOJECT CINAMON CRUNCH 1.77 EVOGEN,Producto,EVOGEN,,BODEGA ATRIO,2,0,2,19754,817189029087,2,instock,Cinnamon Crunch,variation,True
817189028998,ISOJECT COOKIE AND CREAM 4 LBS EVOGEN,Producto,EVOGEN,,BODEGA ATRIO,3,0,3,19236,817189028998,3,instock,Cookie and Cream,variation,True
810121056462,ISOJECT COOKIES AND CREAM 1.82 ISOJET EVOGEN,Producto,EVOGEN,,BODEGA ATRIO,2,0,2,19753,810121056462,2,instock,Cookies and Cream,variation,True
817189028981,ISOJECT DE 4 LBS CHOCOLATE EVOGEN,Producto,EVOGEN,,BODEGA ATRIO,1,0,1,19237,817189028981,1,instock,Chocolate,variation,True
810121052105,ISOJECT FRUITYCREREAL 1.83 LBS ISOJET EVOGEN,Producto,EVOGEN,,BODEGA ATRIO,9,0,9,19752,810121052105,9,instock,Fruity Cereal,variation,True
810121056721,ISOJECT ICE CREAM SANDWICH 1.82 LBS ISOJET EVOGEN,Producto,EVOGEN,,BODEGA ATRIO,6,0,6,19757,810121056721,6,instock,Ice Cream Sandwich,variation,True
810121056455,ISOJECT MINI CRISPY COOKIES 1.87 LBS EVOGEN,Producto,EVOGEN,,BODEGA ATRIO,5,0,5,19756,810121056455,5,instock,Mini Crisp Cookies,variation,True
810121056707,ISOJECT OATMEAL COOKIE 1.76 LBS ISOJET EVOGEN,Producto,EVOGEN,,BODEGA ATRIO,3,0,3,19758,810121056707,3,instock,Oatmeal Cookie,variation,True
810121056738,ISOJECT TIRAMISU 1.76 LBS ISOJET EVOGEN,Producto,EVOGEN,,BODEGA ATRIO,2,0,2,19760,810121056738,2,instock,Tiramisu,variation,True
810121056684,ISOJECT VAINILLA COLD BREW COOFFE 1.76 LBSEVOGEN,Producto,EVOGEN,,BODEGA ATRIO,3,0,3,19759,810121056684,3,instock,Vainilla Cold Brew Coffe,variation,True
817189020213,ISOJECT VANILLA BEAN 25 SRV. EVOGEN,Producto,EVOGEN,,BODEGA ATRIO,1,0,1,19748,817189020213,1,instock,Vainilla,variation,True
745560722183,L CARNITINA 3500 FRUIT PONCHS IMPULSE,Producto,IMPULSE SUPLEMENT,,BODEGA ATRIO,4,0,4,18874,745560722183,4,instock,Fruit Punch,variation,True
703556204730,L CARNITINA 3500 RED & GREEN IMPULSE,Producto,IMPULSE SUPLEMENT,,BODEGA ATRIO,9,0,9,18875,703556204730,9,instock,Sabor Red & Green,variation,True
745560722039,L- CARNITINA 3500 MANGO ALEGRE IMPULSE,Producto,IMPULSE SUPLEMENT,,BODEGA ATRIO,13,0,13,18871,745560722039,13,instock,Mango Alegre,variation,True
745560722030,L- CARNITINA 3500 PIÃA COLADA IMPULSE,Producto,IMPULSE SUPLEMENT,,BODEGA ATRIO,2,0,2,18873,745560722030,2,instock,Piña Colada,variation,True
810121056493,L- CITRULINA EVOGEN,Producto,EVOGEN,,BODEGA ATRIO,0,0,0,11860,810121056493,0,outofstock,L-Citrullina - Evogen - Vasodilatación y Resistencia,simple,True
6009544947608,L-ARGININE 1000MG 60 CAPS USN,Producto,USN,,BODEGA ATRIO,0,0,0,371,6009544947608,0,outofstock,L-Arginine 1000mg 60 caps usn,simple,True
703556204747,L-CARMITINE 3500MG W/ RASPB. KETONES & COLLAGEN NARANJA PIÃA IMPULSE,Producto,IMPULSE SUPLEMENT,,BODEGA ATRIO,0,0,0,112,703556204747,0,outofstock,L-CARMITINE 3500mg w/ Raspb. Ketones & Collagen Naranja piña,simple,True
745560722008,L-CARNITINA 3500 BLUE BERRY IMPULSE,Producto,IMPULSE SUPLEMENT,,BODEGA ATRIO,0,0,0,18872,745560722008,0,outofstock,Uva,variation,True
703556204751,L-CARNITINA 3500 WATERMELON IMPULSE,Producto,IMPULSE SUPLEMENT,,BODEGA ATRIO,12,0,12,18870,703556204751,12,instock,Watermelon,variation,True
817189025959,L-CARNITINA EN POLVO GRAPE EVOGEN,Producto,EVOGEN,,BODEGA ATRIO,0,0,0,11867,817189025959,0,outofstock,L-CARNITINA EN POLVO GRAPE EVOGEN,simple,True
817189024389,L-CARNITINA EN POLVO RASPBERRY LEMONADE EVOGEN,Producto,EVOGEN,,BODEGA ATRIO,0,0,0,11859,817189024389,0,outofstock,EVG71 Carnigen Raspberry Lemonade,simple,True
817189024396,L-CARNITINA EN POLVO WATERMELON EVOGEN,Producto,EVOGEN,,BODEGA ATRIO,0,0,0,11868,817189024396,0,outofstock,L-CARNITINA EN POLVO WATERMELON EVOGEN,simple,True
829263000257,L-CARNITINA LIQUIDA 3000M FRUIT PONCH MUSCLEOLOGY,Producto,MUSCLEOLOGY,,BODEGA ATRIO,0,0,0,11184,829263000257,0,outofstock,Weight loss whis l-carnitine liquid 3000mg fpb fruit ponch,simple,True
710779770096,LEAN BODY CHOCOLATE LABRADA 17OZ,Producto,REFRI LABRADA,,BODEGA ATRIO,507,0,507,10078,710779770096,507,instock,LABRADA PROTEINA RTD CHOCOLATE 17OZ,simple,True
710779770171,LEAN BODY COOKIES & CREAM LABRADA 17OZ,Producto,REFRI LABRADA,,BODEGA ATRIO,251,0,251,10076,710779770171,251,instock,Labrada Protein RTD | Cookies & Cream | 17oz (NEW) 1 Unidad,simple,True
710779770102,LEAN BODY STRAWBERRY LABRADA 17OZ,Producto,REFRI LABRADA,,BODEGA ATRIO,856,0,856,10154,710779770102,856,instock,Labrada Protein RTD | Strawberry | 17oz (NEW) 1 Unidad,simple,True
710779770089,LEAN BODY VANILLA LABRADA 17OZ,Producto,REFRI LABRADA,,BODEGA ATRIO,199,0,199,10077,710779770089,199,instock,Proteína Lista para Beber - Labrada - Vainilla - 17 oz - Apoyo a la Recuperación Muscular,simple,True
7503018110578,LEAN GAINER 12 LIBRAS DUTCH CHOCOLATE,Producto,FORZAGEN,,BODEGA ATRIO,4,0,4,18942,7503018110578,4,instock,Dutch Chocolate,variation,True
7503029522926,LEAN GAINER 8 LBS DUTCH CHOCOLATE,Producto,FORZAGEN,,BODEGA ATRIO,1,0,1,18929,7503029522926,1,instock,Dutch Chocolate,variation,True
7500634002065,LEAN GAINER 8 LIBRAS VAINILLA,Producto,FORZAGEN,,BODEGA ATRIO,2,0,2,18928,7500634002065,2,instock,Creamy Vainilla,variation,True
850026029314,LIPO 6 BCCA WASTERMELO 30 SERV NUTREX,Producto,NUTREX,,BODEGA ATRIO,0,0,0,271,850026029314,0,outofstock,Nutrex Lipo-6 BCAA Intense Watermelon 30srv (INT9314),simple,True
7503013595844,LIPO CRUSH FAT BURNER FORZAGEN,Producto,FORZAGEN,,BODEGA ATRIO,0,0,0,8854,7503013595844,0,outofstock,LIPO CRUSH FAT BURNER FORZAGEN,simple,True
612590416439,LIPO REVOLUTION 60 CAPS NEGRO- LANDERFIT,Producto,LANDERFIT,,BODEGA ATRIO,0,0,0,9186,612590416439,0,outofstock,LIPO REVOLUTION LANDERFIT 60 CAPS,simple,True
612590416064,LIPO REVOLUTION STIM FREE 60 CAPSULAS- LANDERFIT,Producto,LANDERFIT,,BODEGA ATRIO,0,0,0,9175,612590416064,0,outofstock,LIPO REVOLUTION STIM FREE LANDERFIT 60 CAPS,simple,True
817189027298,LIPOCICIDE FAT 60 CAPSULAS EVOGEN,Producto,EVOGEN,,BODEGA ATRIO,11,0,11,12930,817189027298,11,instock,Lipocide Fat - Evogen - 60 Cápsulas - Termogénico para Quema de Grasa,simple,True
817189027786,LIPOCIDE WATERMELON TERMOGENICO EVOGEN,Producto,EVOGEN,,BODEGA ATRIO,1,0,1,11857,817189027786,1,instock,Lipocide - Evogen - Sabor Watermelon - Termogénico para Quema de Grasa y Energía Metabólica,simple,True
817189027793,LIPOCIDE- IR FRUIT PONCHS-EVOGEN,Producto,EVOGEN,,BODEGA ATRIO,42,0,42,19736,817189027793,42,instock,Fruit Punch,variation,True
810121056158,LIPOCIDE-IR JUCY GRAPPE-EVOGEN,Producto,EVOGEN,,BODEGA ATRIO,18,0,18,19737,810121056158,18,instock,Juicy Grape,variation,True
810121056141,LIPOCIDE-IR TANGERINE-EVOGEN,Producto,EVOGEN,,BODEGA ATRIO,18,0,18,19735,810121056141,18,instock,Tangerine,variation,True
850030689252,LIVER HEALTHY REVIVE,Producto,REVIVE,,BODEGA ATRIO,17,0,17,11230,850030689252,17,instock,Suplemento para Salud del Hígado - Revive - Salud Hepática y Detoxificación,simple,True
810139574170,MAGNESIUM CITRATE 60 CAPSULAS,Producto,NUTRICOST,,BODEGA ATRIO,73,0,73,13377,810139574170,73,instock,Citrato de Magnesio - Nutricost - 60 Cápsulas - Relajación Muscular y Salud Ósea,simple,True
850030689368,MAGNESIUM CLYCINATE 120CAPS REVIVE,Producto,REVIVE,,BODEGA ATRIO,0,0,0,11223,850030689368,0,outofstock,Magnesium Clycinate 120caps revive,simple,True
810139574088,MAGNESIUM COMPLEX 30 CAPSULAS,Producto,NUTRICOST,,BODEGA ATRIO,61,0,61,13376,810139574088,61,instock,Complejo de Magnesio - Nutricost - 30 Cápsulas - Relajación Muscular y Mejora del Sueño,simple,True
810139571391,MAGNESIUM GLYCINATE,Producto,NUTRICOST,,BODEGA ATRIO,2,0,2,13378,810139571391,2,instock,Magnesium Glycinate - 180 capsulas,simple,True
631656716986,MAS TECH EXTREME 2000 TRIPLE CHOCOLATE BROWNIE 20 LBS,Producto,MUSCLETECH,,BODEGA ATRIO,0,0,0,14426,631656716986,0,outofstock,Mass-Tech Extreme 2000 - MuscleTech - Sabor Triple Chocolate Brownie - 20 LBS - Ganador de Masa Muscular,simple,True
631656259957,MAS TECH EXTREME 2000- VAINILLA MILK SHAKE 12 LIBRAS,Producto,MUSCLETECH,,BODEGA ATRIO,2,0,2,18961,631656259957,2,instock,Vainilla Milkshake,variation,True
857268005984,MASS FUSION CHOCOLATE 12 LBS NUTREX,Producto,NUTREX,,BODEGA ATRIO,0,0,0,9519,857268005984,0,outofstock,PROTEINA MASS FUSION CHOCOLATE 12 LBS NUTREX,simple,True
857268005977,MASS FUSION VAINILLA 12 LBS NUTREX,Producto,NUTREX,,BODEGA ATRIO,0,0,0,9518,857268005977,0,outofstock,PROTEINA MASS FUSION VAINILLA 12 LBS NUTREX,simple,True
631656716979,MASS TECH -EXTREME 2000- VAINILLA 2000 6 LBS MUSCLETECH,Producto,MUSCLETECH,,BODEGA ATRIO,21,0,21,18958,631656716979,21,instock,Vainilla Milkshake,variation,True
631656716962,MASS TECH EXTREME 2000-6 LBS TRIPLE CHOCOLATE BROWNIE,Producto,MUSCLETECH,,BODEGA ATRIO,36,0,36,18957,631656716962,36,instock,Triple Chocolate Brownie,variation,True
829263000127,MASS-OLOGY DE CHOCOLATE 6LB MUSCLEOLOGY,Producto,MUSCLEOLOGY,,BODEGA ATRIO,0,0,0,11180,829263000127,0,outofstock,PROTEINA MASS-OLOGY DE CHOCOLATE 6LB MUSCLEOLOGY,simple,True
829263000110,MASS-OLOGY DE VAINILLA 6LB MUSCLEOLOGY,Producto,MUSCLEOLOGY,,BODEGA ATRIO,0,0,0,11179,829263000110,0,outofstock,Weight Gainer Massology vainilla 6lb,simple,True
612590416033,MELATONINA 10 MG 120 CAPSULAS- LANDERFIT,Producto,LANDERFIT,,BODEGA ATRIO,22,0,22,14429,612590416033,22,instock,Melatonina 10 mg – LanderFit – 120 cápsulas – Mejora del Sueño y Relajación Natural,simple,True
812590416028,MELATONINA 5 MG 120 CAPSULAS- LANDERFIT,Producto,LANDERFIT,,BODEGA ATRIO,22,0,22,14430,812590416028,22,instock,Melatonina 5 mg – LanderFit – 120 Tabletas – Sueño Reparador y Relajación Natural,simple,True
810139573739,MILK THISTLE 120 CASULAS,Producto,NUTRICOST,,BODEGA ATRIO,3,0,3,13379,810139573739,3,instock,Milk Thistle - Nutricost - 120 Cápsulas - Apoyo Hepático y Detoxificación Natural,simple,True
850030689276,MULTI MINERAL REVIVE,Producto,REVIVE,,BODEGA ATRIO,30,0,30,11229,850030689276,30,instock,Multi Mineral Revive - Suplemento para Salud General y Energía,simple,True
612590415777,MULTI PAHSE MULTIVITAMIN 90 CAPSULAS- LANDERFIT,Producto,LANDERFIT,,BODEGA ATRIO,26,0,26,14431,612590415777,26,instock,"Multifase Multivitamínico – LanderFit – 90 cápsulas – Energía, Vitalidad y Apoyo al Sistema Inmunológico",simple,True
850030689214,MULTI VITAMIN REVIVE,Producto,REVIVE,,BODEGA ATRIO,10,0,10,11236,850030689214,10,instock,Multi Vitamina Revive - Suplemento Multivitamínico para Salud General y Energía,simple,True
810014679426,MULTIVITAMINAS 120 CAPSULAS,Producto,NUTRICOST,,BODEGA ATRIO,3,0,3,13380,810014679426,3,instock,Multivitaminas - Nutricost - 120 Cápsulas - Salud General y Energía Diaria,simple,True
799142775395,MUSCLE PUMP FRUIT PUNCH 30 SERV LANDERFIT,Producto,LANDERFIT,,BODEGA ATRIO,6,0,6,9203,799142775395,6,instock,"Muscle Pump – LanderFit – Sabor Fruit Punch – Energía, Fuerza y Congestión Muscular",simple,True
631656703214,MUSCLETECH CELL TECH FRUIT PUNCH 6LBS CREATINA,Producto,MUSCLETECH,,BODEGA ATRIO,0,0,0,12932,631656703214,0,outofstock,MUSCLETECH CELL TECH FRUIT PUNCH 6LBS CREATINA,simple,True
631656705737,MUSCLETECH ESSENTIAL SERIES PLATINIUM 100% CREATINA UNFLAVORED 400G,Producto,MUSCLETECH,,BODEGA ATRIO,0,0,0,229,631656705737,0,outofstock,Creatina Sin Sabor 400g - MuscleTech Essential Series Platinum 100% - Aumento de Fuerza y Rendimiento Muscular,simple,True
810014675367,NAC 120 CAPSULAS,Producto,NUTRICOST,,BODEGA ATRIO,60,0,60,13381,810014675367,60,instock,NAC - Nutricost - 120 Cápsulas - Apoyo Respiratorio y Desintoxicación Hepática,simple,True
810139574149,NAC DE 600 MG 30 CAPSULAS,Producto,NUTRICOST,,BODEGA ATRIO,27,0,27,13382,810139574149,27,instock,NAC - Nutricost - 30 Cápsulas - Apoyo Respiratorio y Desintoxicación Hepática,simple,True
850030689467,NAC REVIVE,Producto,REVIVE,,BODEGA ATRIO,17,0,17,11247,850030689467,17,instock,NAC Revive - Antioxidante y Apoyo al Sistema Respiratorio,simple,True
850049150859,NEW PROTEIN COFFEE CAKE MASTER CASE - 21G DE PROTEINA (NEW),Producto,SNACK,,BODEGA ATRIO,0,0,0,11866,850049150859,0,outofstock,NEW PROTEIN COFFEE CAKE MASTER CASE - 21G DE PROTEINA (NEW),simple,True
850057175042,NEW PROTEIN DOUBLE CHOCOLATE MASTER CASE - 21G DE PROTEINA (NEW),Producto,SNACK,,BODEGA ATRIO,0,0,0,9617,850057175042,0,outofstock,NEW PROTEIN DOUBLE CHOCOLATE MASTER CASE - 21G DE PROTEINA (NEW),simple,True
829263000073,NITRO BLEND UP DE 5 LBS CHOCOLATE MUSCLEOLOGY,Producto,MUSCLEOLOGY,,BODEGA ATRIO,6,0,6,18951,829263000073,6,instock,Chocolate,variation,True
631656709568,NITRO TECH CHOCOLATE RIPPED FUDGE BROWNIE 4 LBS MUSCLETECH,Producto,MUSCLETECH,,BODEGA ATRIO,0,0,0,18964,631656709568,0,outofstock,Chocolate Fudge Brownie,variation,True
631656703245,NITRO TECH MILK CHOCOLATE 2.2LBS MUSCLETECH,Producto,MUSCLETECH,,BODEGA ATRIO,0,0,0,8661,631656703245,0,outofstock,MuscleTech Nitro Tech Milk Chocolate 2.2lbs US (RB),simple,True
631656709445,NITRO TECH RIPPED CHOCOLATE FUDGE BROWNIE 2LBS MUSCLETECH,Producto,MUSCLETECH,,BODEGA ATRIO,0,0,0,254,631656709445,0,outofstock,PROTEINA NITRO TECH RIPPED CHOCOLATE FUDGE BROWNIE 2LBS MUSCLETECH,simple,True
631656709575,NITRO TECH RIPPED FRENCH VANILLA BEAN 4LBS MUSCLETECH,Producto,MUSCLETECH,,BODEGA ATRIO,0,0,0,8667,631656709575,0,outofstock,MuscleTech Nitro Tech Ripped French Vanilla Bean 4lbs (NEW),simple,True
631656703252,NITRO TECH VANILLA CREAM 2.2LBS MUSCLETECH,Producto,MUSCLETECH,,BODEGA ATRIO,0,0,0,8660,631656703252,0,outofstock,PROTEINA NITRO TECH VANILLA CREAM 2.2LBS MUSCLETECH,simple,True
631656710519,NITRO TECH WHEY GOLD FRENCH VANILLA CREAM 5LBS MUSCLETECH,Producto,MUSCLETECH,,BODEGA ATRIO,0,0,0,245,631656710519,0,outofstock,MuscleTech Nitro Tech 100% Whey Gold French Vanilla Cream 5lbs US (RB),simple,True
631656703283,NITRO TECH WHEY MILK CHOCOLATE 4 LBS MUSCLETECH,Producto,MUSCLETECH,,BODEGA ATRIO,1,0,1,18968,631656703283,1,instock,Milk Chocolate,variation,True
631656703313,NITRO TECH- WHEY COOKIES AND CREAMS 4 LBS MUSCLETECH,Producto,MUSCLETECH,,BODEGA ATRIO,0,0,0,18969,631656703313,0,outofstock,Cookies and Cream,variation,True
631656703290,NITRO TECH-WHEY VAINILLA PROTEIN VAINILLA 4 LBS MUSCLETECH,Producto,MUSCLETECH,,BODEGA ATRIO,0,0,0,11794,631656703290,0,outofstock,Nitro Tech Proteína Whey - MuscleTech - Sabor Vainilla - 4 LBS - Aumento de Masa Muscular y Recuperación,simple,True
829263000028,NITRO UP BLEND 5 LBS - COOKIES & CREAM - MUSCLEOLOGY,Producto,MUSCLEOLOGY,,BODEGA ATRIO,7,0,7,18953,829263000028,7,instock,Cookies and Cream,variation,True
829263000066,NITRO UP BLEND VAINILLA 5 LBS - MUSCLEOLOGY,Producto,MUSCLEOLOGY,,BODEGA ATRIO,8,0,8,18952,829263000066,8,instock,Vainilla,variation,True
850005755807,NUTREX BCAA 6000 GREEN APPLE 30 SERV,Producto,NUTREX,,BODEGA ATRIO,16,1,15,8689,850005755807,15,instock,BCAA 6000 - Nutrex - Sabor Green Apple - 30 Serv - Recuperación Muscular y Resistencia,simple,True
857268005410,NUTREX L-CARNITINA LIQUIDA 3000ML BERRY BLAST 16 SERV,Producto,NUTREX,,BODEGA ATRIO,0,0,0,8687,857268005410,0,outofstock,Nutrex Liquid L-Carnitine 3000 Berry Blast 16srv (5410),simple,True
853237000202,NUTREX LIPO-6 CLA 45CT NUTREX,Producto,NUTREX,,BODEGA ATRIO,2,0,2,8690,853237000202,2,instock,Lipo-6 CLA - Nutrex - 45 Cápsulas - Reducción de Grasa Corporal y Control del Peso,simple,True
039442030146,NUTRITION ANIMAL CUTS 42 EA (QUEMADOR),Producto,VARIADOS,,BODEGA ATRIO,0,0,0,11876,039442030146,0,outofstock,Nutrition Animal Cuts 42 EA (Quemador),simple,True
850030689191,OMEGA 3 REVIVE,Producto,REVIVE,,BODEGA ATRIO,2,0,2,11235,850030689191,2,instock,Omega 3 Revive - Salud Cardiovascular y Articular,simple,True
612590416019,"OMEGA 3, ACEITE DE PESCADO LANDERFIT",Producto,LANDERFIT,,BODEGA ATRIO,121,0,121,9200,612590416019,121,instock,Omega 3 – Landerfit - Salud Cardiovascular y Cerebral,simple,True
748927023138,ON HMB 1000 MG 90 CAPSULAS,Producto,OPTIMUM NUTRITION,,BODEGA ATRIO,0,0,0,8726,748927023138,0,outofstock,ON HMB 1000 MG 90 CAPSULAS,simple,True
850030689153,OPTIZINC REVIVE,Producto,REVIVE,,BODEGA ATRIO,19,0,19,11224,850030689153,19,instock,OptiZinc Revive - 60 Cápsulas - Suplemento para Salud de la Piel y Sistema Inmunológico,simple,True
7503018110318,PREMIUM L-CARNITINA FORZAGEN,Producto,FORZAGEN,,BODEGA ATRIO,0,0,0,11863,7503018110318,0,outofstock,PREMIUM CARNITINE FORZAGEN,simple,True
799142775371,PREMIUM WHEY 5 LBS BANANA SPLIT-LANDERFIT,Producto,LANDERFIT,,BODEGA ATRIO,0,0,0,9078,799142775371,0,outofstock,PROTEINA PREMIUM WHEY LANDERFIT 5 LBS BANANA SPLIT,simple,True
799142775388,PREMIUM WHEY 5 LBS CHOCOLATE PEANUT BUTTER-LANDERFIT,Producto,LANDERFIT,,BODEGA ATRIO,0,0,0,9092,799142775388,0,outofstock,PREMIUM WHEY LANDERFIT 5 LBS CHOCOLATE PEANUT BUTTER,simple,True
611355572168,PREMIUM WHEY 5LBS CHOCOLATE LANDERFIT,Producto,LANDERFIT,,BODEGA ATRIO,0,0,0,11870,611355572168,0,outofstock,PREMIUL WHEY LANDERFIT 5 LBS CHOCOLATE,simple,True
612590416262,PREMIUM WHEY ACAI 2.06 LBS-LANDERFIT,Producto,LANDERFIT,,BODEGA ATRIO,0,0,0,9104,612590416262,0,outofstock,Premien Whey Landerfit 2.06 lbs acai,simple,True
612590416231,PREMIUM WHEY ACAI 5 LBS-LANDERFIT,Producto,LANDERFIT,,BODEGA ATRIO,0,0,0,9085,612590416231,0,outofstock,Proteína de Suero premium - Landerfit - Sabor Acai - 5 LBS - Ganancia Muscular y Recuperación,simple,True
612590417740,PREMIUM WHEY CARAMEL 5 LBS-LANDERFIT,Producto,LANDERFIT,,BODEGA ATRIO,0,0,0,9100,612590417740,0,outofstock,Proteína de Suero premium -  Landerfit - Sabor Caramel - 5 LBS - Ganancia Muscular y Recuperación,simple,True
612590416163,PREMIUM WHEY DULCE DE LECHE 2 LBS- LANDERFIT,Producto,LANDERFIT,,BODEGA ATRIO,0,0,0,9130,612590416163,0,outofstock,PREMIUm WHEY LANDERFIT 2 LBS DULCE DE LECHE,simple,True
612590416170,PREMIUM WHEY DULCE DE LECHE 5LBS-LANDERFIT,Producto,LANDERFIT,,BODEGA ATRIO,0,0,0,9084,612590416170,0,outofstock,PROTEINA PREMIUM WHEY LANDERFIT DULCE DE LECHE 5LBS,simple,True
612590416309,PREMIUM WHEY PEANUT BUTTER 2.06 LBS- LANDERFIT,Producto,LANDERFIT,,BODEGA ATRIO,0,0,0,9126,612590416309,0,outofstock,Premium Whey Landerfit 2.06 lb Peanut butter,simple,True
612590416248,PREMIUM WHEY PEANUT BUTTER 5 LBS-LANDERFIT,Producto,LANDERFIT,,BODEGA ATRIO,0,0,0,9087,612590416248,0,outofstock,PROTEINA PREMIUM WHEY LANDERFIT PEANUT BUTTER 5 LBS,simple,True
612590416255,PREMIUM WHEY PROTEIN 5LB COOKIES AND CREAM LANDERFIT,Producto,LANDERFIT,,BODEGA ATRIO,0,0,0,12942,612590416255,0,outofstock,PROTEINA PREMIUM WHEY LANDERFIT PROTEIN 5LB COOKIES AND CREAM LANDERFIT,simple,True
612590415845,"PREMIUM WHEY STRAWBERRY 2,06 LBS-LANDERFIT",Producto,LANDERFIT,,BODEGA ATRIO,8,0,8,19011,612590415845,8,instock,Fresa,variation,True
611355572175,PREMIUM WHEY STRAWBERRY 5 LBS-LANDERFIT,Producto,LANDERFIT,,BODEGA ATRIO,0,0,0,9099,611355572175,0,outofstock,PROTEINA PREMIUM WHEY LANDERFIT STRAWBERRY 5 LBS,simple,True
611355572151,PREMIUM WHEY VAINILLA 5 LBS-LANDERFIT,Producto,LANDERFIT,,BODEGA ATRIO,0,0,0,9095,611355572151,0,outofstock,PROTEINA PREMIUM WHEY LANDERFIT VAINILLA 5 LBS,simple,True
612590417733,PREMIUM WHEYCARAMEL MATE 2 LBS- LANDERFIT,Producto,LANDERFIT,,BODEGA ATRIO,0,0,0,9127,612590417733,0,outofstock,Premium Whey landerfit 2lb Caramel Matte,simple,True
612590415838,PREMIUN WHEY LANDERFIT CHOCOLATE 26 SERVING,Producto,LANDERFIT,,BODEGA ATRIO,50,0,50,19010,612590415838,50,instock,Chocolate,variation,True
612590416668,PREMIUN WHEY VAINILLA 26 SERVING- LANDERFIT,Producto,LANDERFIT,,BODEGA ATRIO,18,0,18,19009,612590416668,18,instock,Vainilla,variation,True
703556204815,PROLIVE BIO5 BUTTER BLASTER DE 5 LBS IMPULSE,Producto,IMPULSE SUPLEMENT,,BODEGA ATRIO,126,0,126,18195,703556204815,126,instock,Butter Blaster,variation,True
608631655486,PROLIVE BIO5 CAPUCHINO 5 LIBRAS IMPULSE,Producto,IMPULSE SUPLEMENT,,BODEGA ATRIO,269,0,269,18194,608631655486,269,instock,Capuchino,variation,True
703556204846,PROLIVE BIO5 CARAMEL PEANUT BUTTER DE 5 LBS IMPULSE,Producto,IMPULSE SUPLEMENT,,BODEGA ATRIO,55,0,55,18189,703556204846,55,instock,Caramel Peanut Butter,variation,True
745560722169,PROLIVE BIO5 CHOCO COCO DE 5 LBS IMPULSE,Producto,IMPULSE SUPLEMENT,,BODEGA ATRIO,2,0,2,18193,745560722169,2,instock,Choco Coco,variation,True
703556204839,PROLIVE BIO5 CHOCO MINT DE 5LB IMPULSE,Producto,IMPULSE SUPLEMENT,,BODEGA ATRIO,0,0,0,11801,703556204839,0,outofstock,Proteína de Suero Avanzado - Impulse - Sabor Choco Mint - 5 LBS - Ganancia Muscular y Recuperación,simple,True
745560722176,PROLIVE BIO5 COOKIS AND CREAM DE 5LB IMPULSE,Producto,IMPULSE SUPLEMENT,,BODEGA ATRIO,100,0,100,18191,745560722176,100,instock,Cookies and Cream,variation,True
745560722152,PROLIVE BIO5 DE CHOCOLATE 5 LBS IMPULSE,Producto,IMPULSE SUPLEMENT,,BODEGA ATRIO,345,0,345,18192,745560722152,345,instock,Chocolate,variation,True
713101731994,PROLIVE BIO5 DE MANGO 6 LB IMPULSE,Producto,IMPULSE SUPLEMENT,,BODEGA ATRIO,0,0,0,11798,713101731994,0,outofstock,ProLive Bio6 PREMIUM PROTEIN BLEND 6.0 Lbs MANGO,simple,True
745560722145,PROLIVE BIO5 STRAWBERRY ICE CREAN 5 LBS IMPULSE,Producto,IMPULSE SUPLEMENT,,BODEGA ATRIO,326,0,326,18190,745560722145,326,instock,Strawberry Ice Cream,variation,True
713101732007,PROLIVE BIO5 SUNDEY CARAMEL DE 6 LB IMPULSE,Producto,IMPULSE SUPLEMENT,,BODEGA ATRIO,64,0,64,18858,713101732007,64,instock,Sundae Caramel,variation,True
745560722138,PROLIVE BIO5 VAINILLA DE 5 LB IMPULSE,Producto,IMPULSE SUPLEMENT,,BODEGA ATRIO,250,0,250,18187,745560722138,250,instock,Vainilla,variation,True
703556204822,PROLIVE BIO5 WHITE CHOCORAINBOW DE 5 LB IMPULSE,Producto,IMPULSE SUPLEMENT,,BODEGA ATRIO,44,0,44,18188,703556204822,44,instock,White ChocoRainbow,variation,True
713101732014,PROLIVE BIO6 COCONUT 6 LBS IMPULSE,Producto,IMPULSE SUPLEMENT,,BODEGA ATRIO,3,0,3,18857,713101732014,3,instock,Coconut,variation,True
713101732038,PROLIVE BIO6 COFFEE LOVERS DE 6 LB IMPULSE,Producto,IMPULSE SUPLEMENT,,BODEGA ATRIO,57,0,57,18856,713101732038,57,instock,Coffe Lovers,variation,True
713101732045,PROLIVE BIO6 CRISPY TOFFEE 6 LBS IMPULSE,Producto,IMPULSE SUPLEMENT,,BODEGA ATRIO,48,0,48,18855,713101732045,48,instock,Crispy Toffee,variation,True
713101732021,PROLIVE BIO6 PIÃA COLADA DE 6 LBS IMPULSE,Producto,IMPULSE SUPLEMENT,,BODEGA ATRIO,0,0,0,81,713101732021,0,outofstock,Proteína de Suero Avanzada - Impulse - Sabor Piña Colada - 6 LBS - Ganancia Muscular y Recuperación,simple,True
860008634443,PROTEIN COOKIE CHOCOLATE CHIP,Producto,SNACK,,BODEGA ATRIO,43,0,43,19056,860008634443,43,instock,chispas de chocolate,variation,True
860008634467,PROTEIN COOKIE PEANUT BUTTER,Producto,SNACK,,BODEGA ATRIO,75,0,75,19057,860008634467,75,instock,mantequilla de mani,variation,True
748927066593,PROTEIN SHAKE CHOCOLATE 325 ML OPTIMUN NUTRICION,Producto,REFRI ON,,BODEGA ATRIO,113,0,113,19072,748927066593,113,instock,Chocolate,variation,True
748927069815,PROTEIN SHAKE STRAWBERRY 325ML OPTIMUN NUTRICION,Producto,REFRI ON,,BODEGA ATRIO,100,0,100,19073,748927069815,100,instock,Strawberry,variation,True
748927066586,PROTEIN SHAKER VAINILLA 325 ML OPTIMUN NUTRICION,Producto,REFRI ON,,BODEGA ATRIO,491,0,491,19074,748927066586,491,instock,Vainilla,variation,True
850026029086,PROTEINA 100% WHEY CHOCOLATE 5LB NUTREX,Producto,NUTREX,,BODEGA ATRIO,0,0,0,11812,850026029086,0,outofstock,PROTEINA 100% WHEY CHOCOLATE 5LB NUTREX,simple,True
850026029062,PROTEINA 100% WHEY VANILLA 5LB NUTREX,Producto,NUTREX,,BODEGA ATRIO,0,0,0,11810,850026029062,0,outofstock,100% WHEY VANILLA 5lb (6/cs),simple,True
891597002535,PROTEINA 2 LBS CHOCOLATE CARNIVOR (MUSCLE MEDS),Producto,CARNIVOR,,BODEGA ATRIO,0,0,0,9680,891597002535,0,outofstock,Carnivor 2 lbs Chocolate (MUSCLE MEDS) (NEW),simple,True
891597002689,PROTEINA 2LBS VANILLA CARAMEL CARNIVOR (MUSCLE MEDS),Producto,CARNIVOR,,BODEGA ATRIO,0,0,0,9682,891597002689,0,outofstock,Carnivor 2lbs Vanilla Caramel (MUSCLE MEDS) (NEW),simple,True
891597002542,PROTEINA 4 LBS CHOCOLATE CARNIVOR (MUSCLE MEDS),Producto,CARNIVOR,,BODEGA ATRIO,60,0,60,8554,891597002542,60,instock,Proteína - Carnivor - MuscleMeds - Sabor Chocolate - 4 LBS - Aumento de Masa Muscular,simple,True
891597003778,PROTEINA 4 LBS STRAWBERRY CARNIVOR (MUSCLE MEDS),Producto,CARNIVOR,,BODEGA ATRIO,0,0,0,9684,891597003778,0,outofstock,Carnivor 4 lbs Strawberry (MUSCLE MEDS) (NEW),simple,True
891597003655,PROTEINA 4LBS CHOCOLATE PEANUT CARNIVOR (MUSCLE MEDS),Producto,CARNIVOR,,BODEGA ATRIO,0,0,0,9683,891597003655,0,outofstock,Carnivor 4lbs Chocolate peanut (MUSCLE MEDS) (NEW),simple,True
891597002160,PROTEINA 4LBS FRUIT PONCH CARNIVOR (MUSCLE MEDS),Producto,CARNIVOR,,BODEGA ATRIO,0,0,0,9685,891597002160,0,outofstock,PROTEINA 4LBS FRUIT PONCH CARNIVOR (MUSCLE MEDS),simple,True
891597002672,PROTEINA 4LBS VANILLA CARAMEL CARNIVOR (MUSCLE MEDS),Producto,CARNIVOR,,BODEGA ATRIO,0,0,0,8539,891597002672,0,outofstock,Carnivor 4lbs Vanilla Caramel (MUSCLE MEDS) (NEW),simple,True
6009544944560,PROTEINA ANABOLIC MASS GAINER CHOCOLATE 12 LBS USN,Producto,USN,,BODEGA ATRIO,0,0,0,341,6009544944560,0,outofstock,PROTEINA ANABOLIC MASS GAINER CHOCOLATE 12 LBS USN,simple,True
6009544944621,PROTEINA ANABOLIC MASS GAINER COOKIS AND CREAM 12 LBS USN,Producto,USN,,BODEGA ATRIO,0,0,0,343,6009544944621,0,outofstock,PROTEINA ANABOLIC MASS GAINER COOKIS AND CREAM 12 LBS USN,simple,True
6009544944584,PROTEINA ANABOLIC MASS GAINER VAINILLA 12 LBS USN,Producto,USN,,BODEGA ATRIO,0,0,0,342,6009544944584,0,outofstock,PROTEINA ANABOLIC MASS GAINER VAINILLA 12 LBS USN,simple,True
6009544944645,PROTEINA ANABOLIC MASS WEIGHT GAINER CHOCOLATE (6LB) USN,Producto,USN,,BODEGA ATRIO,0,0,0,340,6009544944645,0,outofstock,Anabolic Mass Weight Gainer Chocolate (6lb),simple,True
6009544954132,PROTEINA BLUE LAB 100% WHEY CHOCOLATE 4.5LB USN,Producto,USN,,BODEGA ATRIO,0,0,0,349,6009544954132,0,outofstock,Proteína de Suero Premium - USN - Chocolate - 4.5 lb - Ganancia Muscular y Recuperación,simple,True
6009544954170,PROTEINA BLUE LAB 100% WHEY VAINILLA 4.5LB USN,Producto,USN,,BODEGA ATRIO,0,0,0,350,6009544954170,0,outofstock,PROTEINA BLUE LAB 100% WHEY VAINILLA 4.5LB USN,simple,True
811213027094,PROTEINA BPI WHEY HD 4.2LB VANILLA CARAMEL,Producto,BPI,,BODEGA ATRIO,0,0,0,8521,811213027094,0,outofstock,PROTEINA BPI WHEY HD 4.2LB VANILLA CARAMEL,simple,True
811213027117,PROTEINA BPI WHEY HD 4.2LBS MILK AND COOKIES,Producto,BPI,,BODEGA ATRIO,0,0,0,8535,811213027117,0,outofstock,PROTEINA BPI WHEY HD 4.2LBS MILK AND COOKIES,simple,True
628081005587,PROTEINA COOKIES AND CREAM 1.8 LBS ANS,Producto,ANS,,BODEGA ATRIO,0,0,0,8961,628081005587,0,outofstock,Proteína Cookies and Cream - ANS - 1.8 LBS - Suplemento para Ganancia Muscular y Recuperación,simple,True
659153877009,PROTEINA COOKIES AND CREAM 5 LBS ANS,Producto,ANS,,BODEGA ATRIO,0,0,0,8930,659153877009,0,outofstock,PROTEINA COOKIES AND CREAM 5 LBS ANS,simple,True
850044753833,PROTEINA DE 4.8 LB COOKIE & CREAM PRIMEVAL LABS,Producto,PRIMEVAL LABS,,BODEGA ATRIO,69,0,69,18978,850044753833,69,instock,Cookies & Cream,variation,True
850044753857,PROTEINA DE 4.8 LB VAINILLA PRIMEVAL LABS,Producto,PRIMEVAL LABS,,BODEGA ATRIO,79,0,79,18979,850044753857,79,instock,Vanilla,variation,True
611355572052,PROTEINA HIDRO CHOCOLATE 2.17 LBS- LANDERFIT,Producto,LANDERFIT,,BODEGA ATRIO,0,0,0,9145,611355572052,0,outofstock,Hydro Definition Landerfit 2.17LB Chocolate,simple,True
612590416224,PROTEINA HIDRO COCO 2.11 LBS-LADERFIT,Producto,LANDERFIT,,BODEGA ATRIO,0,0,0,9149,612590416224,0,outofstock,Proteína Hidro -Sabor Coco - 2.11 LBS - Aislado Hidrolizado para Ganancia y Recuperación,simple,True
611355572045,"PROTEINA HIDRO STRAWBERRY 2,11 LBS- LANDERFIT",Producto,LANDERFIT,,BODEGA ATRIO,0,0,0,9150,611355572045,0,outofstock,"PROTEINA HIDRO STRAWBERRY 2,11 LBS",simple,True
705016354207,PROTEINA ISO 100 FRUITY PEBBLES 20 SERV. 1.34 LBS DYMATIZE,Producto,DYMATIZE,,BODEGA ATRIO,431,0,431,19208,705016354207,431,instock,Fruity Pebbles,variation,True
705016353187,PROTEINA ISO 100 GURMET CHOCOLATE 5 LBS DYMATIZE,Producto,DYMATIZE,,BODEGA ATRIO,4,0,4,19192,705016353187,4,instock,Chocolate,variation,True
859400007337,PROTEINA ISOFIT CHOCOLATE SHAKE 30 SERV. NUTREX,Producto,NUTREX,,BODEGA ATRIO,9,0,9,19781,859400007337,9,instock,Chocolate Shake,variation,True
853237000738,PROTEINA ISOFIT COOKIES &CREAM 30 SERV. NUTREX,Producto,NUTREX,,BODEGA ATRIO,19,0,19,19780,853237000738,19,instock,Cookies & Cream,variation,True
860007286919,PROTEINA ISOLATADA DE 2 LBS CINNAMON CRUNCH CEREAL,Producto,RAW,,BODEGA ATRIO,6,0,6,19033,860007286919,6,instock,Cinnamon Crunch Cereal,variation,True
891597005444,PROTEINA MASS 14.8LBS CHOCOLATE FUDGE CARNIVOR (MUSCLE MEDS),Producto,CARNIVOR,,BODEGA ATRIO,0,0,0,9714,891597005444,0,outofstock,PROTEINA MASS 14.8LBS CHOCOLATE FUDGE CARNIVOR (MUSCLE MEDS),simple,True
891597003679,PROTEINA MASS CHOCOLATE FUDGE 10.4 LBS CARNIVOR,Producto,CARNIVOR,,BODEGA ATRIO,0,0,0,9693,891597003679,0,outofstock,Ganador de Masa - Carnivor MuscleMeds - Sabor Chocolate Fudge - 10.4 LBS - Aumento de Masa Muscular,simple,True
891597002641,PROTEINA MASS CHOCOLATE FUDGE 5.83 LBS CARNIVOR,Producto,CARNIVOR,,BODEGA ATRIO,0,0,0,11871,891597002641,0,outofstock,Carnivor MASS 6 lbs Chocolate (MUSCLE MEDS) (NEW),simple,True
891597004065,"PROTEINA MASS CHOCOLATE PANUT BUTER 5,9 LBS CARNIVOR",Producto,CARNIVOR,,BODEGA ATRIO,0,0,0,9701,891597004065,0,outofstock,Carnivor MASS 6lbs Chocolate peanut (MUSCLE MEDS) (NEW),simple,True
628081005365,PROTEINA MASS COOKIES AND CREAM 15 LBS ANS,Producto,ANS,,BODEGA ATRIO,0,0,0,8969,628081005365,0,outofstock,N-Mass 15 LB - Cookies & Cream,simple,True
628081005358,PROTEINA MASS CREAMY VAINILLA 15 LBS ANS,Producto,ANS,,BODEGA ATRIO,0,0,0,8967,628081005358,0,outofstock,PROTEINA MASS CREAMY VAINILLA 15 LBS ANS,simple,True
628081005341,PROTEINA MASS MILK CHOCOLATE 15 LBS ANS,Producto,ANS,,BODEGA ATRIO,0,0,0,8966,628081005341,0,outofstock,Proteína Mass Gainer - ANS - Sabor Milk Chocolate - 15 LBS - Aumento de Masa y Volumen Muscular,simple,True
628081005372,PROTEINA MASS PEANUT BUTTER CHOCOLATE 15 LBS ANS,Producto,ANS,,BODEGA ATRIO,0,0,0,8968,628081005372,0,outofstock,Proteína Mass Gainer - ANS - Sabor Peanut Butter Chocolate - 15 LBS - Aumento de Masa y Volumen Muscular,simple,True
628081005389,PROTEINA MASS SALTED CARAMEL 15 LBS ANS,Producto,ANS,,BODEGA ATRIO,0,0,0,8970,628081005389,0,outofstock,Proteína Mass Gainer - ANS - Sabor Salted Caramel - 15 LBS - Aumento de Masa y Volumen Muscular,simple,True
628081005396,PROTEINA MASS STRANVERRY 15 LBS ANS,Producto,ANS,,BODEGA ATRIO,0,0,0,8989,628081005396,0,outofstock,Proteína Mass Gainer - ANS - Sabor StrawBerry - 15 LBS - Aumento de Masa y Volumen Muscular,simple,True
891597004058,PROTEINA MASS STRAWERRY 5.79 LBS CARNIVOR,Producto,CARNIVOR,,BODEGA ATRIO,0,0,0,9702,891597004058,0,outofstock,Carnivor MASS 6 lbs Strawberry  (MUSCLE MEDS) (NEW),simple,True
891597003747,PROTEINA MASS VAINILLA 10.30 LBS CARNIVOR,Producto,CARNIVOR,,BODEGA ATRIO,0,0,0,9694,891597003747,0,outofstock,PROTEINA MASS VAINILLA 10.30 LBS CARNIVOR,simple,True
891597002658,PROTEINA MASS VAINILLA CARAMELL 5.78 CARNIVOR,Producto,CARNIVOR,,BODEGA ATRIO,0,0,0,9703,891597002658,0,outofstock,Carnivor MASS 6lbs Vanilla Caramel (MUSCLE MEDS) (NEW),simple,True
748927023008,PROTEINA ON SERIOUS MAS 6 LBS VAINILLA,Producto,OPTIMUM NUTRITION,,BODEGA ATRIO,0,0,0,9070,748927023008,0,outofstock,PROTEINA ON SERIOUS MAS 6 LBS VAINILLA,simple,True
748927023800,PROTEINA ON SERIOUS MASS 12 LBS CHOCOLATE,Producto,OPTIMUM NUTRITION,,BODEGA ATRIO,0,0,0,316,748927023800,0,outofstock,Optimum Nutrition Serious Mass - Chocolate - 12 lb - Aumento de Masa Muscular y Recuperación Post-Entreno,simple,True
748927022995,PROTEINA ON SERIOUS MASS 6 LBS CHOCOLATE,Producto,OPTIMUM NUTRITION,,BODEGA ATRIO,0,0,0,9072,748927022995,0,outofstock,ON serious Mass Chocolate 6lb 8serv (4/cs),simple,True
748927023824,PROTEINA ON SERIOUS MASS VAINILLA 12 LBS,Producto,OPTIMUM NUTRITION,,BODEGA ATRIO,0,0,0,9068,748927023824,0,outofstock,PROTEINA ON SERIOUS MASS VAINILLA 12 LBS,simple,True
628081005594,PROTEINA PEANUT BUTTER CHOCOLATE 1.8 LBS ANS,Producto,ANS,,BODEGA ATRIO,0,0,0,8964,628081005594,0,outofstock,Proteína - ANS - Sabor Peanut Butter Chocolate - 1.8 LBS - Ganancia Muscular y Recuperación,simple,True
891597004560,PROTEINA SHRED 2 LBS CHOCOLATE CARNIVOR (MUSCLE MEDS),Producto,CARNIVOR,,BODEGA ATRIO,0,0,0,9713,891597004560,0,outofstock,PROTEINA SHRED 2 LBS CHOCOLATE CARNIVOR (MUSCLE MEDS),simple,True
628081005600,PROTEINA STRAWBERRY 1.8 LBS ANS,Producto,ANS,,BODEGA ATRIO,0,0,0,8963,628081005600,0,outofstock,N-ISO Protein - Strawberry 1.8 lb (NEW),simple,True
713101732076,PROTEINA VEGANA DE 4 LBS PANCAKE IMPULSE,Producto,IMPULSE SUPLEMENT,,BODEGA ATRIO,11,0,11,11803,713101732076,11,instock,Proteína Vegana - Impulse - Sabor Pancake - 4 LBS - Ganancia y Recuperación,simple,True
612590416606,PROTEINA WOMENS CHOCOLATE BROWNIE 2.04 LBS LANDERFIT,Producto,LANDERFIT,,BODEGA ATRIO,2,0,2,9152,612590416606,2,instock,Proteína de Mujer - Landerfit - Sabor Chocolate Brownie - 2.04 LBS - Fórmula para Mujeres,simple,True
040232585388,PSYCHOTIC GOLD (PRE-WORK),Producto,VARIADOS,,BODEGA ATRIO,0,0,0,11873,040232585388,0,outofstock,Psychotic GOLD (Pre-Work),simple,True
040232182907,PSYCHOTIC RED (PRE-WORK),Producto,VARIADOS,,BODEGA ATRIO,0,0,0,11834,040232182907,0,outofstock,PSYCHOTIC RED (PRE-WORK),simple,True
860007357572,PUMP - PINEAPPLE,Producto,RAW,,BODEGA ATRIO,0,0,0,9590,860007357572,0,outofstock,Pump - Pineapple - Aumento de Flujo Sanguíneo y Energía para el Entrenamiento,simple,True
850039445194,PUMP- LEMONADE,Producto,RAW,,BODEGA ATRIO,0,0,0,9591,850039445194,0,outofstock,Pump - Lemonade - RAW- Aumento de Flujo Sanguíneo y Energía para el Entrenamiento,simple,True
6009544941668,QHUSH EXTREME ENERGY + NOOTROPIC GLACIER 500ML,Producto,REFRI QHUSH,,BODEGA ATRIO,69,0,69,10103,6009544941668,69,instock,Qhush Extreme Energy + Nootropic Glacier - 500 ml - 1 Unidad - Energía y Enfoque Mental,simple,True
6009544936848,QHUSH EXTREME ENERGY BUBBLEGUM BLAST 500ML,Producto,REFRI QHUSH,,BODEGA ATRIO,0,0,0,10104,6009544936848,0,outofstock,Qhush Extreme Energy Bubblegum Blast - 500 ml - 1 Unidad - Energía y Enfoque Mental,simple,True
6009544936824,QHUSH EXTREME ENERGY RED RUSH 500ML,Producto,REFRI QHUSH,,BODEGA ATRIO,0,0,0,12944,6009544936824,0,outofstock,Bebida Energética QHUSH Extreme Energy Red Rush﻿ - 500 ml - 1 Unidad - Energía y Rendimiento,simple,True
810014674001,R-ALPHA LIPOIC ACID 100 MG 120 CAPSULAS,Producto,NUTRICOST,,BODEGA ATRIO,12,0,12,13383,810014674001,12,instock,R-Alpha Lipoic Acid - Nutricost - 120 Cápsulas - Antioxidante Potente y Apoyo Metabólico,simple,True
745560721971,RAPTOR X5 FRUIT PUNCH IMPULSE,Producto,IMPULSE SUPLEMENT,,BODEGA ATRIO,3,0,3,12945,745560721971,3,instock,Raptor X5 - Impulse - Sabor Fruit Punch - Suplemento Pre-Entreno para Energía y Rendimiento,simple,True
850049150675,RAW ESSENTIALS CREATINE MONOHYDRATE 100 SERV.,Producto,RAW,,BODEGA ATRIO,0,0,0,11845,850049150675,0,outofstock,RAW Essentials Creatine Monohydrate - 100 Serv - Aumento de Fuerza y Rendimiento Deportivo,simple,True
850057175349,RAW ESSENTIALS CREATINE MONOHYDRATE 50 SERV.,Producto,RAW,,BODEGA ATRIO,0,0,0,11850,850057175349,0,outofstock,RAW Essentials Creatina Monohydratada - 50 Serv - Aumento de Fuerza y Rendimiento Deportivo,simple,True
850039445347,RAW PUMP - STRABERRY - LEMONADE,Producto,RAW,,BODEGA ATRIO,0,0,0,9593,850039445347,0,outofstock,Pump - Strawberry Lemonade - RAW - Aumento de Flujo Sanguíneo y Energía para el Entrenamiento,simple,True
860007448966,RAW TEST,Producto,RAW,,BODEGA ATRIO,0,0,0,10709,860007448966,0,outofstock,RAW TEST - Aumento de Testosterona y Rendimiento Deportivo,simple,True
850039445613,RAW-EAA-ISLAND-SLUSHIE (AMINOACIDOS ESSENCIALES),Producto,RAW,,BODEGA ATRIO,1,0,1,8878,850039445613,1,instock,EAA -Sabor Island Slushie - RAW - Aminoácidos Esenciales para Energía y Recuperación Muscular,simple,True
860007357589,RAW-EAA-KIWI BLUEBERRY 25 SERVING,Producto,RAW,,BODEGA ATRIO,1,0,1,11846,860007357589,1,instock,EAA -  Kiwi Blueberry - RAW - 25 Serv - Aminoácidos Esenciales para Energía y Recuperación Muscular,simple,True
860007448959,RAW-EAA-PINEAPPLE (AMINOACIDOS ESSENCIALES),Producto,RAW,,BODEGA ATRIO,0,0,0,11865,860007448959,0,outofstock,EAA - Pineapple - RAW - Aminoácidos Esenciales para Energía y Recuperación Muscular,simple,True
850039445354,RAW-EAA-STRAWBERRY LEMONADE 25 SERVING,Producto,RAW,,BODEGA ATRIO,0,0,0,11847,850039445354,0,outofstock,RAW EAA - StrawBerry Lemonade - 25 Serv - Aminoácidos Esenciales para Energía y Recuperación Muscular,simple,True
860007357527,RAW-EAA-WATERMELON (AMINOACIDOS ESSENCIALES),Producto,RAW,,BODEGA ATRIO,0,0,0,11848,860007357527,0,outofstock,RAW EAA - Watermelon - Aminoácidos Esenciales para Energía y Recuperación Muscular,simple,True
850049150231,RAW-ESSENTIAL - FRUIT-BURST,Producto,RAW,,BODEGA ATRIO,0,0,0,9604,850049150231,0,outofstock,RAW-ESSENTIAL - FRUIT-BURST,simple,True
850039445668,RAW-ESSENTIAL - ORANGE,Producto,RAW,,BODEGA ATRIO,0,0,0,9602,850039445668,0,outofstock,RAW-ESSENTIAL - ORANGE,simple,True
850049150293,RAW-ESSENTIAL - PEACH-MANGO,Producto,RAW,,BODEGA ATRIO,0,0,0,9603,850049150293,0,outofstock,RAW-ESSENTIAL - PEACH-MANGO,simple,True
850039445675,RAW-ESSENTIAL - WATERMELON-1,Producto,RAW,,BODEGA ATRIO,0,0,0,9601,850039445675,0,outofstock,RAW-ESSENTIAL - WATERMELON-1,simple,True
850049150682,RAW-JUICY - PUMPS,Producto,RAW,,BODEGA ATRIO,0,0,0,9594,850049150682,0,outofstock,RAW - Juicy Pumps - Aumento de Flujo Sanguíneo y Energía para el Entrenamiento,simple,True
860007286995,RAW-PROTEIN-CHOCOLATE - 2LB (ISOLATADA),Producto,RAW,,BODEGA ATRIO,0,0,0,8872,860007286995,0,outofstock,RAW-PROTEIN-CHOCOLATE - 2LB (ISOLATADA),simple,True
860007286988,RAW-PROTEIN-COOKIES-N-CREAM - 2LB (ISOLATADA),Producto,RAW,,BODEGA ATRIO,0,0,0,8874,860007286988,0,outofstock,RAW-PROTEIN-COOKIES-N-CREAM - 2LB (ISOLATADA),simple,True
860007357510,RAW-PROTEIN-VANILLA - 2LB (ISOLATADA),Producto,RAW,,BODEGA ATRIO,0,0,0,8873,860007357510,0,outofstock,Raw-Protein-Vanilla - 2lb (isolatada),simple,True
860007448928,RAW-SLEEP-MIXED BERRY (SOPORTE PARA UN MEJOR SUEÃO REPARADOR),Producto,RAW,,BODEGA ATRIO,19,0,19,19002,860007448928,19,instock,Mixed Berry,variation,True
860007448911,RAW-SLEEP-STRAWBERRY-KIWI (SOPORTE PARA UN MEJOR SUEÃO REPARADOR),Producto,RAW,,BODEGA ATRIO,15,0,15,19001,860007448911,15,instock,Strawberry Kiwi,variation,True
850049150460,RAW-WHEY-BLEND-PROTEIN-CHOCOLATE-FL - 5LB,Producto,RAW,,BODEGA ATRIO,0,0,0,11804,850049150460,0,outofstock,RAW-WHEY-BLEND-PROTEIN-CHOCOLATE-FL - 5lb,simple,True
612590416675,REDS & GREENS GREEN APPLE 30 SERV- LANDERFIT,Producto,LANDERFIT,,BODEGA ATRIO,27,0,27,19964,612590416675,27,instock,Green Apple,variation,True
612590416651,REDS & GREENS PINA 30 SERVING- LANDERFIT,Producto,LANDERFIT,,BODEGA ATRIO,19,0,19,19965,612590416651,19,instock,Piña,variation,True
810014679488,RESVERATROL 700 MG 120 CAPSULA,Producto,NUTRICOST,,BODEGA ATRIO,17,0,17,13384,810014679488,17,instock,Resveratrol - Nutricost - 120 Cápsulas - Antioxidante Potente y Salud Cardiovascular,simple,True
5056555202999,RTD BADDY BERRY A.B.E,Producto,ABE,,BODEGA ATRIO,21,0,21,18897,5056555202999,21,instock,Baddy Berry,variation,True
5056555201725,RTD BLUE LAGOON A.B.E,Producto,ABE,,BODEGA ATRIO,64,0,64,18896,5056555201725,64,instock,Blue Lagoon,variation,True
891597004034,RTD CARNIVOR 500ML CHOCOLATE (MUSCLE MEDS),Producto,REFRI CARNIVOR,,BODEGA ATRIO,809,0,809,20406,891597004034,809,instock,Chocolate,variation,True
891597006137,RTD CARNIVOR 500ML FRUIT CEREAL (MUSCLE MEDS),Producto,REFRI CARNIVOR,,BODEGA ATRIO,768,0,768,20407,891597006137,768,instock,Fruity Cereal,variation,True
891597006113,RTD CARNIVOR 500ML VAINILLA (MUSCLE MEDS),Producto,REFRI CARNIVOR,,BODEGA ATRIO,847,0,847,20409,891597006113,847,instock,Vainilla Cupcake,variation,True
891597006427,RTD CARNIVOR SALTED CARAMEL 500ML (MUSCLE MEDS),Producto,REFRI CARNIVOR,,BODEGA ATRIO,826,0,826,20408,891597006427,826,instock,Salted Caramel,variation,True
5056555201732,RTD FRUIT CANDY A.B.E,Producto,ABE,,BODEGA ATRIO,13,0,13,19102,5056555201732,13,instock,Fruit Candy,variation,True
799142775340,SAW PALMETO 500 MG 100 CAPSULAS-LANDERFIT,Producto,LANDERFIT,,BODEGA ATRIO,21,0,21,14439,799142775340,21,instock,Saw Palmetto 500 mg – LanderFit – 100 cápsulas – Salud Prostática y Equilibrio Hormonal,simple,True
829263411121,SLEDDGE HAMMER PREWORKOUT PINIAPLE MUSCLEOLOGY,Producto,MUSCLEOLOGY,,BODEGA ATRIO,2,0,2,11174,829263411121,2,instock,Pre-Entrenamiento Sledge Hammer - Muscleology - Pineapple - 30 Serv - Suplemento para Energía y Rendimiento Muscular,simple,True
829263114138,SLEDGE HAMMER FRUIT CRUSH PRE-WORKOUT MUSCLEOLOGY,Producto,MUSCLEOLOGY,,BODEGA ATRIO,0,0,0,11173,829263114138,0,outofstock,Sledge Hammer Pre-Entreno - Muscleology - Sabor Fruit Crush - 30 Serv - Energía y Resistencia para Entrenamientos,simple,True
666222097404,SUPER FAT BURNER + (MHP),Producto,MHP,,BODEGA ATRIO,78,0,78,9723,666222097404,78,instock,"Super Fat Burner - MHP - Quemador de Grasa Avanzado para Pérdida de Peso, Energía y Definición Muscular",simple,True
666222093741,T-BOMB 3XTREME (MHP),Producto,MHP,,BODEGA ATRIO,2,0,2,9724,666222093741,2,instock,T-BOMB 3XTREME (MHP),simple,True
612590416088,TESTOLANDER BOOSTER 120 CAPSULAS- LANDERFIT,Producto,LANDERFIT,,BODEGA ATRIO,0,0,0,11875,612590416088,0,outofstock,TESTOLANDER BOOSTER LANDERFIT 120 CAPSULAS,simple,True
829263300012,TESTOSTERONA REDTEST MUSCLEOLOGY,Producto,MUSCLEOLOGY,,BODEGA ATRIO,0,0,0,11157,829263300012,0,outofstock,Testosterona RedTest – Muscleology – 90 cápsulas – Apoyo Natural para el Equilibrio Hormonal y Energía Masculina,simple,True
631656603118,TETOSTERONA BUSTER SIX STAR MUSCLETECH,Producto,MUSCLETECH,,BODEGA ATRIO,14,0,14,8556,631656603118,14,instock,Testosterona booster Six Star - MuscleTech - Aumento de Testosterona y Energía Física,simple,True
850039445972,THAVAGE - PEACH-BUM,Producto,RAW,,BODEGA ATRIO,0,0,0,11843,850039445972,0,outofstock,Suplemento Pre-Entreno Thavage - Raw - Sabor Peach Bum - Energía y Enfoque para Entrenamientos,simple,True
850049150507,THAVAGE - PEACH-BUM-FL,Producto,RAW,,BODEGA ATRIO,0,0,0,9583,850049150507,0,outofstock,CBUM Thavage Pre-Entreno - Peach Bum FL - Energía y Rendimiento para el Entrenamiento,simple,True
850049150514,THAVAGE - SECRET-STUFF,Producto,RAW,,BODEGA ATRIO,0,0,0,11874,850049150514,0,outofstock,Thavage Pre-Entreno - Secret Stuff - Energía y Rendimiento para el Entrenamiento,simple,True
850049150170,THAVAGE- DRAGONFRUIT,Producto,RAW,,BODEGA ATRIO,0,0,0,9578,850049150170,0,outofstock,CBUM Thavage Pre-Entreno - Dragonfruit - Energía y Rendimiento para el Entrenamiento,simple,True
745560722213,THERMOBLAST H2 (FAT BURNER) 120 CAPS (QUEMADOR MUJER) IMPULSE,Producto,IMPULSE SUPLEMENT,,BODEGA ATRIO,6,0,6,94,745560722213,6,instock,Thermoblast H2 - Impulse - 120 Cápsulas - Quemador de Grasa para Mujer,simple,True
745560722206,THERMOBLAST M5 (FAT BURNER) 120 CAPS (QUEMADOR HOMBRE) IMPULSE,Producto,IMPULSE SUPLEMENT,,BODEGA ATRIO,3,0,3,93,745560722206,3,instock,Thermoblast M5 - Impulse - 120 Cápsulas - Quemador de Grasa para Hombre,simple,True
850046504723,"TRIBULUS 1400, 90 CAPSULAS NUTREX",Producto,NUTREX,,BODEGA ATRIO,2,0,2,9546,850046504723,2,instock,Tribulus 1400 - Nutrex - 90 Cápsulas - Aumento de Testosterona y Energía Física,simple,True
612590416071,TRIBULUS TERRESTRIS STI 90-CAPSULAS- LANDERFIT,Producto,LANDERFIT,,BODEGA ATRIO,26,0,26,9208,612590416071,26,instock,"Tribulus Terrestris – LanderFit – 90 cápsulas –  Potencia, Vitalidad y Equilibrio Hormonal",simple,True
810014675275,TUDCA 60 CAPSULAS,Producto,NUTRICOST,,BODEGA ATRIO,64,0,64,13385,810014675275,64,instock,TUDCA - Nutricost - 60 Cápsulas - Apoyo Hepático y Detoxificación del Hígado,simple,True
612590416200,ULTRA GLUTAMINA 60 SERVING- LANDERFIT,Producto,LANDERFIT,,BODEGA ATRIO,6,0,6,14440,612590416200,6,instock,Ultra Glutamina – LanderFit – 60 Serv – Recuperación Muscular y Apoyo al Sistema Inmunológico,simple,True
7113101732151,ULTRA VEGANA CARAMELO PEANUT BUTTER 3 LBS IMPULSE,Producto,IMPULSE SUPLEMENT,,BODEGA ATRIO,14,0,14,18864,7113101732151,14,instock,Caramelo Peanut Butter,variation,True
713101732137,ULTRA VEGANA STRAWERRY ICE CREAM 3 LBS IMPULSE,Producto,IMPULSE SUPLEMENT,,BODEGA ATRIO,15,0,15,18863,713101732137,15,instock,Strawberry Ice Cream,variation,True
713101732113,ULTRA VEGANA VAINILLA 3 LBS IMPULSE,Producto,IMPULSE SUPLEMENT,,BODEGA ATRIO,30,0,30,18862,713101732113,30,instock,Vainilla,variation,True
039442033529,UNIVERSAL NUTRITION ANIMAL PAK POWDER 411G ORANGE CRUSH (MULTIVITAMINICO MINERAL),Producto,VARIADOS,,BODEGA ATRIO,0,0,0,11864,039442033529,0,outofstock,UNIVERSAL NUTRITION ANIMAL PAK POWDER 411G ORANGE CRUSH (MULTIVITAMINICO MINERAL),simple,True
612590416644,"VEGAN-PROTEIN VAINILLA 2,04 LBS LANDERFIT",Producto,LANDERFIT,,BODEGA ATRIO,55,0,55,9151,612590416644,55,instock,Proteína Vegana - Landerfit - Sabor Vainilla - 2.04 LBS - Proteína Vegana para Ganancia y Recuperación,simple,True
713101732120,VEGANA ULTRA DE CHOCOLATE 3 LBS IMPULSE,Producto,IMPULSE SUPLEMENT,,BODEGA ATRIO,0,0,0,89,713101732120,0,outofstock,VEGAN ULTRA 3.0 Lbs Chocolate  (Proteina Vegana),simple,True
713101732144,VEGANA ULTRA DE COCO 3 LBS IMPULSE,Producto,IMPULSE SUPLEMENT,,BODEGA ATRIO,5,0,5,18865,713101732144,5,instock,Coco,variation,True
810121055113,VITAMIN D3 EVOGEN,Producto,EVOGEN,,BODEGA ATRIO,40,0,40,11858,810121055113,40,instock,"Vitamina D3 5000 IU - Evogen - Salud Ósea, Inmunidad y Bienestar General",simple,True
850030689450,VITAMIN D3 REVIVE,Producto,REVIVE,,BODEGA ATRIO,101,0,101,11255,850030689450,101,instock,Vitamina D3 Revive - Apoyo al Sistema Inmunológico y Salud Ósea,simple,True
850030689283,VITAMIN K2 & D3 REVIVE,Producto,REVIVE,,BODEGA ATRIO,11,0,11,11242,850030689283,11,instock,Vitamin K2 & D3 Revive - Salud Ósea y Función Inmunológica,simple,True
810014675435,VITAMINA B 12 DE 2000 MG 240 CAPSULAS,Producto,NUTRICOST,,BODEGA ATRIO,1,0,1,13387,810014675435,1,instock,Vitamina B12 - Nutricost - 240 Cápsulas - Energía Natural y Apoyo al Sistema Nervioso,simple,True
810139572350,VITAMINA B COMPLEX 120 CAPSULAS,Producto,NUTRICOST,,BODEGA ATRIO,9,0,9,13388,810139572350,9,instock,Vitamina B Complex - Nutricost - 120 Cápsulas - Energía y Salud del Sistema Nervioso,simple,True
810014671574,VITAMINA C 120 CAPSULAS,Producto,NUTRICOST,,BODEGA ATRIO,0,0,0,13389,810014671574,0,outofstock,Vitamina C - Nutricost - 120 Cápsulas - Refuerzo Inmunológico y Antioxidante,simple,True
850030689054,VITAMINA C REVIVE,Producto,REVIVE,,BODEGA ATRIO,1,0,1,11241,850030689054,1,instock,Vitamina C Revive - Refuerza el Sistema Inmunológico y la Salud de la Piel,simple,True
612590416446,VITAMINA C- 1000MG -LANDFERFIT,Producto,LANDERFIT,,BODEGA ATRIO,9,0,9,9214,612590416446,9,instock,Vitamina C – LanderFit – 1000 mg –  Defensa Inmunológica y Antioxidante,simple,True
810014679563,VITAMINA E 240 CAPSULAS,Producto,NUTRICOST,,BODEGA ATRIO,1,0,1,13386,810014679563,1,instock,Vitamina E - Nutricost - 240 Cápsulas - Antioxidante Potente y Salud de la Piel,simple,True
810139574361,VITAMINA- E 30 CAPSULAS,Producto,NUTRICOST,,BODEGA ATRIO,21,0,21,13390,810139574361,21,instock,Vitamina E - Nutricost - 30 Cápsulas - Antioxidante y Salud de la Piel,simple,True
829263000172,VITE-OLOGY MULTIVITAMINICO MUSCLEOLOGY,Producto,MUSCLEOLOGY,,BODEGA ATRIO,32,0,32,11159,829263000172,32,instock,VITE-OLOGY Multivitamínico - Muscleology - 60 Cápsulas - Energía y Salud General,simple,True
650076635233,VMS-L-CARNITINA LIQUIDA 3500 MG SABOR FRUIT PONCHS,Producto,VMS NUTRICION,,BODEGA ATRIO,1,0,1,16576,650076635233,1,instock,L-Carnitina Líquida 3500 mg - VMS - Sabor Fruit Punch – Quema de Grasa y Energía,simple,True
65007665240,VMS-PROTEIN ISOLATE -HIDROLIZED BIO-ACTIVE VAINILLA 5 LBS,Producto,VMS NUTRICION,,BODEGA ATRIO,36,0,36,19062,65007665240,36,instock,Vainilla,variation,True
650076635264,VMS-PROTEIN ISOLATE- HIDROLIZED BIO-ACTIVE- CHOCOLATE5 LBS,Producto,VMS NUTRICION,,BODEGA ATRIO,69,0,69,19063,650076635264,69,instock,Chocolate,variation,True
650076635257,VMS-PROTEIN ISOLATE-HIDROLIZED BIO-ACTIVE DE FRESA 5LB,Producto,VMS NUTRICION,,BODEGA ATRIO,122,0,122,19064,650076635257,122,instock,Fresa,variation,True
850026029079,WHEY 100 % CHOCOLATE 2 LBS 26 SERVING NUTREX,Producto,NUTREX,,BODEGA ATRIO,23,0,23,19801,850026029079,23,instock,Chocolate,variation,True
850046504662,WHEY 100% CHOLATE 10 LBS 128 SERVING NUTREX,Producto,NUTREX,,BODEGA ATRIO,14,0,14,19812,850046504662,14,instock,Chocolate,variation,True
850060362675,WHEY 100% COOKIES AND CREAN 2LBS NUTREX,Producto,NUTREX,,BODEGA ATRIO,29,0,29,19803,850060362675,29,instock,Cookies and Cream,variation,True
850046504679,WHEY 100% VAINILLA 10 LBS 134 SERVING NUTREX,Producto,NUTREX,,BODEGA ATRIO,0,0,0,19811,850046504679,0,outofstock,Vainilla,variation,True
850026029055,WHEY 100% VAINILLA 2 LBS NUTREX,Producto,NUTREX,,BODEGA ATRIO,30,0,30,19802,850026029055,30,instock,Vainilla,variation,True
7503013595868,WHEY PRO DUT CHOCOLATE 2 LBS,Producto,FORZAGEN,,BODEGA ATRIO,6,0,6,18939,7503013595868,6,instock,Dutch Chocolate,variation,True
7503018110479,WHEY PROTEIN 5 LBS CHOCO COCO,Producto,FORZAGEN,,BODEGA ATRIO,17,0,17,18935,7503018110479,17,instock,Choco Coco,variation,True
7503013595776,WHEY PROTEIN 5 LBS DUTCH CHOCOLATE,Producto,FORZAGEN,,BODEGA ATRIO,14,0,14,18934,7503013595776,14,instock,Dutch Chocolate,variation,True
666222941004,XPEL CAPS (MHP),Producto,MHP,,BODEGA ATRIO,81,0,81,8555,666222941004,81,instock,"Diurético XPEL MHP 80 Cápsulas – Eliminación de Líquidos, Definición y Control de Retención",simple,True
181030000151,XTEND ORIGINAL 30 SERV. BLUE RASBERRY ICE,Producto,CELLUCOR,,BODEGA ATRIO,0,0,0,11097,181030000151,0,outofstock,Xtend BCAA Original - Sabor Italian Blue Rasberry Ice - 30 Serv - Recuperación Muscular,simple,True
181030000175,XTEND ORIGINAL 30 SERV. GLACIAR GRAPE,Producto,CELLUCOR,,BODEGA ATRIO,0,0,0,11092,181030000175,0,outofstock,XTEND ORIGINAL 30 SERV. GLACIAR GRAPE,simple,True
812135021658,XTEND ORIGINAL 30 SERV. ITALIAN BLOOD ORANGE,Producto,CELLUCOR,,BODEGA ATRIO,0,0,0,11094,812135021658,0,outofstock,Xtend BCAA Original - Sabor Italian Blood Orange - 30 Serv - Recuperación Muscular,simple,True
181030000168,XTEND ORIGINAL 90 SERV. BLUE RASBERRY ICE,Producto,CELLUCOR,,BODEGA ATRIO,8,0,8,18913,181030000168,8,instock,Blue Raspberry Ice,variation,True
812135021665,XTEND ORIGINAL 90 SERV. ITALIAN BLOOD ORANGE,Producto,CELLUCOR,,BODEGA ATRIO,14,0,14,18911,812135021665,14,instock,Italian Blood Orange,variation,True
181030000144,XTEND ORIGINAL 90 SERV. SMASH APPLE,Producto,CELLUCOR,,BODEGA ATRIO,16,0,16,18912,181030000144,16,instock,Smash Apple,variation,True
746477745371,YOHIMBINE HCL REVIVE,Producto,REVIVE,,BODEGA ATRIO,0,0,0,11262,746477745371,0,outofstock,Yohimbine hcl revive,simple,True
810014679570,YOHIMBINE120 CAPSULAS,Producto,NUTRICOST,,BODEGA ATRIO,82,0,82,13391,810014679570,82,instock,Yohimbine - Nutricost - 120 Cápsulas - Apoyo a la Quema de Grasa y Energía,simple,True
810014671598,ZING CHELATE 120 CAPSULAS,Producto,NUTRICOST,,BODEGA ATRIO,2,0,2,13392,810014671598,2,instock,Zinc Chelate - Nutricost - 120 Cápsulas - Apoyo al Sistema Inmunológico y Salud de la Piel,simple,True
811445020405,ZMA PRIMA FORCE ABOLIC MINERAL SUPORT 180 CAPSULAS,Producto,NUTRICOST,,BODEGA ATRIO,4,0,4,13393,811445020405,4,instock,ZMA PrimaForce - Nutricost - 180 Cápsulas - Apoyo Hormonal y Mejora del Sueño,simple,True
